run_label,bins,bin_width_ticks,bin_width_us,dt_min,dt_max,V10_min,V11_min,n_candidate,n_fit_bins,ndf,tau_us,tau_us_err,chi2,reduced_chi2
DiRPi29 Run4325 DiRPi33 Run43 DiRPi34 Run33,20,25.0,0.625,50,500,30,30,2147,18,15,2.034074992566571,0.07711191287158575,24.779164608747394,1.6519443072498263
DiRPi29 Run4326 DiRPi33 Run44 DiRPi34 Run34,20,25.0,0.625,50,500,30,30,2071,18,15,1.9864193243966728,0.07333164342477404,8.625764544252377,0.5750509696168251
DiRPi29 Run4327 DiRPi33 Run45 DiRPi34 Run35,20,25.0,0.625,50,500,30,30,1154,18,15,2.0308190228321115,0.10146820705646079,14.21248722574524,0.9474991483830161
DiRPi35 Run36 DiRPi29 Run4351 DiRPi33 Run64,20,25.0,0.625,50,500,30,30,249,15,12,2.3280408258291763,0.30052175044659735,8.76829962463611,0.7306916353863425
DiRPi35 Run37 DiRPi29 Run4352 DiRPi33 Run65,20,25.0,0.625,50,500,30,30,62,12,9,1.475479465198952,0.40982368461708535,4.1971064471321196,0.46634516079245775
DiRPi35 Run39 DiRPi29 Run4353 DiRPi33 Run66,20,25.0,0.625,50,500,30,30,258,16,13,1.8553682237851306,0.18655189990572543,12.298995082517669,0.9460765448090515
DiRPi29 Run4325 DiRPi33 Run43 DiRPi34 Run33,20,25.0,0.625,75,500,30,30,1606,17,14,2.0282832625091927,0.09770658799840476,24.771259835350257,1.7693757025250183
DiRPi29 Run4326 DiRPi33 Run44 DiRPi34 Run34,20,25.0,0.625,75,500,30,30,1525,17,14,2.002248949254925,0.09332276921815097,8.543170575583382,0.6102264696845273
DiRPi29 Run4327 DiRPi33 Run45 DiRPi34 Run35,20,25.0,0.625,75,500,30,30,859,17,14,2.013922073264107,0.12498678864936802,14.15498913722011,1.0110706526585793
DiRPi35 Run36 DiRPi29 Run4351 DiRPi33 Run64,20,25.0,0.625,75,500,30,30,192,14,11,2.287086373831568,0.36498823321219315,8.735533512565555,0.7941394102332322
DiRPi35 Run37 DiRPi29 Run4352 DiRPi33 Run65,20,25.0,0.625,75,500,30,30,45,11,8,1.3531578359764227,0.4832066304559126,3.9863592173626956,0.49829490217033695
DiRPi35 Run39 DiRPi29 Run4353 DiRPi33 Run66,20,25.0,0.625,75,500,30,30,191,15,12,1.7919092922875235,0.217624854685468,11.958551157582825,0.9965459297985687
DiRPi29 Run4325 DiRPi33 Run43 DiRPi34 Run33,20,25.0,0.625,100,500,30,30,1171,16,13,2.230853115835806,0.14604223279003556,19.001261060024067,1.4616354661556974
DiRPi29 Run4326 DiRPi33 Run44 DiRPi34 Run34,20,25.0,0.625,100,500,30,30,1146,16,13,1.917575781052891,0.11100294709381675,7.197595102678372,0.5536611617444902
DiRPi29 Run4327 DiRPi33 Run45 DiRPi34 Run35,20,25.0,0.625,100,500,30,30,651,16,13,1.8856087001779074,0.14307939280731494,12.143068726952352,0.9340822097655656
DiRPi35 Run36 DiRPi29 Run4351 DiRPi33 Run64,20,25.0,0.625,100,500,30,30,145,13,10,2.3717830061120444,0.49357676051038885,8.552481679307109,0.8552481679307109
DiRPi35 Run37 DiRPi29 Run4352 DiRPi33 Run65,20,25.0,0.625,100,500,30,30,33,10,7,1.1849218011825076,0.53441196425191,3.65808074972292,0.5225829642461315
DiRPi35 Run39 DiRPi29 Run4353 DiRPi33 Run66,20,25.0,0.625,100,500,30,30,149,14,11,1.3924012186347685,0.19079470282581557,4.022240049447399,0.3656581863133999
DiRPi29 Run4325 DiRPi33 Run43 DiRPi34 Run33,25,20.0,0.5,60,500,30,30,1900,22,19,2.015346582003163,0.08360330128695541,24.772574862145568,1.3038197295866087
DiRPi29 Run4326 DiRPi33 Run44 DiRPi34 Run34,25,20.0,0.5,60,500,30,30,1855,22,19,1.9713799217255206,0.07738977811442929,19.884100721084252,1.0465316168991712
DiRPi29 Run4327 DiRPi33 Run45 DiRPi34 Run35,25,20.0,0.5,60,500,30,30,1035,22,19,1.9917415141335937,0.10373371726697962,27.826995909075546,1.4645787320566077
DiRPi35 Run36 DiRPi29 Run4351 DiRPi33 Run64,25,20.0,0.5,60,500,30,30,222,18,15,2.2710489651774015,0.33083223928195826,12.087158025536546,0.8058105350357697
DiRPi35 Run37 DiRPi29 Run4352 DiRPi33 Run65,25,20.0,0.5,60,500,30,30,56,13,10,1.3672895268961933,0.45060087854566855,4.040357094016944,0.40403570940169437
DiRPi35 Run39 DiRPi29 Run4353 DiRPi33 Run66,25,20.0,0.5,60,500,30,30,233,18,15,1.568183291083498,0.1660185984423299,23.10563155867192,1.5403754372447946
DiRPi29 Run4325 DiRPi33 Run43 DiRPi34 Run33,25,20.0,0.5,80,500,30,30,1500,21,18,2.036779611904389,0.10343335870998858,24.655545242160976,1.3697525134533874
DiRPi29 Run4326 DiRPi33 Run44 DiRPi34 Run34,25,20.0,0.5,80,500,30,30,1442,21,18,2.013991859587266,0.09649902805049004,19.228718331859437,1.0682621295477466
DiRPi29 Run4327 DiRPi33 Run45 DiRPi34 Run35,25,20.0,0.5,80,500,30,30,803,21,18,2.014664773504546,0.12634316652368555,27.42123709550473,1.5234020608613739
DiRPi35 Run36 DiRPi29 Run4351 DiRPi33 Run64,25,20.0,0.5,80,500,30,30,180,17,14,2.2553854883766244,0.3892510913198761,12.080612677143106,0.8629009055102219
DiRPi35 Run37 DiRPi29 Run4352 DiRPi33 Run65,25,20.0,0.5,80,500,30,30,42,12,9,1.3856620994325364,0.5917417529735643,4.035921162841881,0.44843568476020906
DiRPi35 Run39 DiRPi29 Run4353 DiRPi33 Run66,25,20.0,0.5,80,500,30,30,183,17,14,1.4657858380207343,0.17961879049323226,21.668309264787215,1.5477363760562297
DiRPi29 Run4325 DiRPi33 Run43 DiRPi34 Run33,25,20.0,0.5,100,500,30,30,1171,20,17,2.1726484654783587,0.14033519300441102,21.637007719032407,1.2727651599430827
DiRPi29 Run4326 DiRPi33 Run44 DiRPi34 Run34,25,20.0,0.5,100,500,30,30,1146,20,17,1.9624305188497844,0.11242946943086224,18.652833086563742,1.0972254756802202
DiRPi29 Run4327 DiRPi33 Run45 DiRPi34 Run35,25,20.0,0.5,100,500,30,30,651,20,17,1.8646879210253484,0.13383408635284894,22.608153333444566,1.3298913725555628
DiRPi35 Run36 DiRPi29 Run4351 DiRPi33 Run64,25,20.0,0.5,100,500,30,30,145,16,13,2.2930873536862335,0.47612267263560804,12.050500070913317,0.9269615439164091
DiRPi35 Run37 DiRPi29 Run4352 DiRPi33 Run65,25,20.0,0.5,100,500,30,30,33,11,8,1.2683134831977263,0.6514569608837671,3.8858698773867673,0.4857337346733459
DiRPi35 Run39 DiRPi29 Run4353 DiRPi33 Run66,25,20.0,0.5,100,500,30,30,149,16,13,1.1280932119711244,0.15322929866498503,11.526871098345795,0.8866823921804458
DiRPi29 Run4325 DiRPi33 Run43 DiRPi34 Run33,50,10.0,0.25,50,500,30,30,2147,45,42,1.9850234865638297,0.07341479260533436,49.14022872627463,1.1700054458636817
DiRPi29 Run4326 DiRPi33 Run44 DiRPi34 Run34,50,10.0,0.25,50,500,30,30,2071,44,41,2.017904985556911,0.07272737737008043,48.57865171952443,1.1848451638908397
DiRPi29 Run4327 DiRPi33 Run45 DiRPi34 Run35,50,10.0,0.25,50,500,30,30,1154,43,40,2.02993019127415,0.10068281357833656,39.31318666411317,0.9828296666028292
DiRPi35 Run36 DiRPi29 Run4351 DiRPi33 Run64,50,10.0,0.25,50,500,30,30,249,32,29,1.8766679039187708,0.28776979284678167,22.694407129326002,0.782565763080207
DiRPi35 Run37 DiRPi29 Run4352 DiRPi33 Run65,50,10.0,0.25,50,500,30,30,62,20,17,1.3676620065522147,0.6754414667180111,8.169080869393097,0.48053416878782923
DiRPi35 Run39 DiRPi29 Run4353 DiRPi33 Run66,50,10.0,0.25,50,500,30,30,258,29,26,1.7735652161413897,0.2341826335536284,26.507855925660675,1.0195329202177184
DiRPi29 Run4325 DiRPi33 Run43 DiRPi34 Run33,50,10.0,0.25,60,500,30,30,1900,44,41,2.0046694404440077,0.08187592944330502,48.81717815764785,1.19066288189385
DiRPi29 Run4326 DiRPi33 Run44 DiRPi34 Run34,50,10.0,0.25,60,500,30,30,1855,43,40,1.9717966860603857,0.07681681890546832,46.65026363526447,1.1662565908816118
DiRPi29 Run4327 DiRPi33 Run45 DiRPi34 Run35,50,10.0,0.25,60,500,30,30,1035,42,39,1.984413819795163,0.10628996132481315,38.19473774732943,0.9793522499315238
DiRPi35 Run36 DiRPi29 Run4351 DiRPi33 Run64,50,10.0,0.25,60,500,30,30,222,31,28,1.900648341576152,0.32385237389346366,22.65373742363286,0.8090620508440308
DiRPi35 Run37 DiRPi29 Run4352 DiRPi33 Run65,50,10.0,0.25,60,500,30,30,56,19,16,1.0540298657939942,0.5646763159951528,7.839304781572156,0.48995654884825973
DiRPi35 Run39 DiRPi29 Run4353 DiRPi33 Run66,50,10.0,0.25,60,500,30,30,233,28,25,1.6625923590567429,0.23392788138104234,25.156753477294142,1.0062701390917657
DiRPi29 Run4325 DiRPi33 Run43 DiRPi34 Run33,50,10.0,0.25,70,500,30,30,1703,43,40,1.9623092215206033,0.08728831903188695,47.75261708724373,1.1938154271810932
DiRPi29 Run4326 DiRPi33 Run44 DiRPi34 Run34,50,10.0,0.25,70,500,30,30,1614,42,39,2.0420374898691023,0.08886243922358718,41.98802569974531,1.076616043583213
DiRPi29 Run4327 DiRPi33 Run45 DiRPi34 Run35,50,10.0,0.25,70,500,30,30,914,41,38,2.002892533119943,0.11796480614337129,38.01811103388197,1.0004766061547887
DiRPi35 Run36 DiRPi29 Run4351 DiRPi33 Run64,50,10.0,0.25,70,500,30,30,202,30,27,1.7967676977592242,0.3281012919217179,22.106435868218185,0.8187568840080809
DiRPi35 Run37 DiRPi29 Run4352 DiRPi33 Run65,50,10.0,0.25,70,500,30,30,47,18,15,1.5822678588242958,1.235529042903631,6.890022151213807,0.4593348100809205
DiRPi35 Run39 DiRPi29 Run4353 DiRPi33 Run66,50,10.0,0.25,70,500,30,30,204,27,24,1.685559410651812,0.26428002200601647,25.090024412877995,1.0454176838699165
DiRPi29 Run4325 DiRPi33 Run43 DiRPi34 Run33,50,10.0,0.25,80,500,30,30,1500,42,39,2.011975987095293,0.10023986795776306,46.427841736266934,1.1904574804171009
DiRPi29 Run4326 DiRPi33 Run44 DiRPi34 Run34,50,10.0,0.25,80,500,30,30,1442,41,38,2.0161256395970075,0.0953253650862874,41.556276561144045,1.0935862252932644
DiRPi29 Run4327 DiRPi33 Run45 DiRPi34 Run35,50,10.0,0.25,80,500,30,30,803,40,37,2.0476665075678904,0.13343644619029538,37.07485306183113,1.0020230557251657
DiRPi35 Run36 DiRPi29 Run4351 DiRPi33 Run64,50,10.0,0.25,80,500,30,30,180,29,26,1.8285310137468913,0.3735959567728102,22.052461575160365,0.8481715990446295
DiRPi35 Run37 DiRPi29 Run4352 DiRPi33 Run65,50,10.0,0.25,80,500,30,30,42,17,14,1.7192384068018995,1.6527857351996316,6.850585226225991,0.4893275161589994
DiRPi35 Run39 DiRPi29 Run4353 DiRPi33 Run66,50,10.0,0.25,80,500,30,30,183,26,23,1.6127092787645436,0.27121870807607984,24.57687216857774,1.06855965950338
DiRPi29 Run4325 DiRPi33 Run43 DiRPi34 Run33,50,10.0,0.25,90,500,30,30,1333,41,38,2.033070192677469,0.11265124709961855,46.25166634511408,1.2171491143451074
DiRPi29 Run4326 DiRPi33 Run44 DiRPi34 Run34,50,10.0,0.25,90,500,30,30,1299,40,37,1.9326156080189496,0.09802602869861143,38.20211698128287,1.0324896481427803
DiRPi29 Run4327 DiRPi33 Run45 DiRPi34 Run35,50,10.0,0.25,90,500,30,30,731,39,36,1.9134975727606418,0.13152526820454305,31.881367602722076,0.8855935445200577
DiRPi35 Run36 DiRPi29 Run4351 DiRPi33 Run64,50,10.0,0.25,90,500,30,30,164,28,25,1.719604538715922,0.37555793314157415,21.596792958070385,0.8638717183228154
DiRPi35 Run37 DiRPi29 Run4352 DiRPi33 Run65,50,10.0,0.25,90,500,30,30,35,16,13,2.5608431446535542,3.8705756186547298,5.1862709071361905,0.3989439159335531
DiRPi35 Run39 DiRPi29 Run4353 DiRPi33 Run66,50,10.0,0.25,90,500,30,30,169,25,22,1.2549638754184842,0.2038123353785089,16.44517907336518,0.7475081396984172
DiRPi29 Run4325 DiRPi33 Run43 DiRPi34 Run33,50,10.0,0.25,100,500,30,30,1171,40,37,2.1306780708459523,0.1343110273026441,42.95561571858069,1.1609625869886673
DiRPi29 Run4326 DiRPi33 Run44 DiRPi34 Run34,50,10.0,0.25,100,500,30,30,1146,39,36,1.9495505649130322,0.10984606855064497,38.071547066301534,1.0575429740639315
DiRPi29 Run4327 DiRPi33 Run45 DiRPi34 Run35,50,10.0,0.25,100,500,30,30,651,38,35,1.8809573784282436,0.1414726260796935,31.582589877607113,0.9023597107887746
DiRPi35 Run36 DiRPi29 Run4351 DiRPi33 Run64,50,10.0,0.25,100,500,30,30,145,27,24,1.8049793546683537,0.45089279692676326,21.269811068270638,0.8862421278446099
DiRPi35 Run37 DiRPi29 Run4352 DiRPi33 Run65,50,10.0,0.25,100,500,30,30,33,15,12,1.518053031975361,1.6041015571817265,4.221794008865374,0.35181616740544785
DiRPi35 Run39 DiRPi29 Run4353 DiRPi33 Run66,50,10.0,0.25,100,500,30,30,149,24,21,1.079011789778019,0.19151116684977354,14.351525287331354,0.6834059660633978
DiRPi29 Run4325 DiRPi33 Run43 DiRPi34 Run33,100,5.0,0.125,60,500,30,30,1900,87,84,1.9052215179222847,0.07570101980899557,100.87999241663042,1.2009522906741716
DiRPi29 Run4326 DiRPi33 Run44 DiRPi34 Run34,100,5.0,0.125,60,500,30,30,1855,83,80,1.87944632029642,0.07474760884002865,76.60623544221306,0.9575779430276633
DiRPi29 Run4327 DiRPi33 Run45 DiRPi34 Run35,100,5.0,0.125,60,500,30,30,1035,75,72,1.8021286308831799,0.1037284054944039,80.73413553508682,1.121307437987317
DiRPi35 Run36 DiRPi29 Run4351 DiRPi33 Run64,100,5.0,0.125,60,500,30,30,222,55,52,1.8888655461900197,0.4363451715825978,34.11225791307667,0.656004959866859
DiRPi35 Run37 DiRPi29 Run4352 DiRPi33 Run65,100,5.0,0.125,60,500,30,30,56,29,26,0.5245331112684144,0.4221550104113,6.050171328861932,0.23269889726392046
DiRPi35 Run39 DiRPi29 Run4353 DiRPi33 Run66,100,5.0,0.125,60,500,30,30,233,49,46,1.6645297890136803,0.31752974710953585,33.51152144137269,0.7285113356820151
DiRPi29 Run4325 DiRPi33 Run43 DiRPi34 Run33,100,5.0,0.125,80,500,30,30,1500,83,80,1.8825498228956037,0.09072045954123115,97.24167972229301,1.2155209965286626
DiRPi29 Run4326 DiRPi33 Run44 DiRPi34 Run34,100,5.0,0.125,80,500,30,30,1442,79,76,1.910956736256624,0.0924642668677855,71.89536453886006,0.9459916386692114
DiRPi29 Run4327 DiRPi33 Run45 DiRPi34 Run35,100,5.0,0.125,80,500,30,30,803,71,68,1.8587450024005436,0.13257060238966797,79.23248854325858,1.1651836550479204
DiRPi35 Run36 DiRPi29 Run4351 DiRPi33 Run64,100,5.0,0.125,80,500,30,30,180,51,48,1.6511102274628109,0.44903560441447576,28.13674888831633,0.5861822685065902
DiRPi35 Run37 DiRPi29 Run4352 DiRPi33 Run65,100,5.0,0.125,80,500,30,30,42,25,22,0.9172242284775074,1.5066056333633626,5.1838772473852215,0.23563078397205553
DiRPi35 Run39 DiRPi29 Run4353 DiRPi33 Run66,100,5.0,0.125,80,500,30,30,183,45,42,1.740172033011886,0.4225999214785901,31.837654702067006,0.758039397668262
DiRPi29 Run4325 DiRPi33 Run43 DiRPi34 Run33,100,5.0,0.125,100,500,30,30,1171,79,76,1.9516154803931807,0.11791674117130863,93.69955468419167,1.2328888774235747
DiRPi29 Run4326 DiRPi33 Run44 DiRPi34 Run34,100,5.0,0.125,100,500,30,30,1146,75,72,1.8316101712283182,0.10621738183422316,67.71016987907498,0.9404190260982637
DiRPi29 Run4327 DiRPi33 Run45 DiRPi34 Run35,100,5.0,0.125,100,500,30,30,651,67,64,1.655505012725344,0.13835036167126966,70.78993011157897,1.1060926579934214
DiRPi35 Run36 DiRPi29 Run4351 DiRPi33 Run64,100,5.0,0.125,100,500,30,30,145,47,44,1.6538520784187651,0.5783969715954017,26.641633592991905,0.6054916725679979
DiRPi35 Run37 DiRPi29 Run4352 DiRPi33 Run65,100,5.0,0.125,100,500,30,30,33,22,19,4.8200632516142266,37.54632643832246,3.242689904341275,0.17066788970217237
DiRPi35 Run39 DiRPi29 Run4353 DiRPi33 Run66,100,5.0,0.125,100,500,30,30,149,41,38,1.026798632452841,0.23878149098233933,18.035353214281614,0.47461455827056875
DiRPi29 Run4325 DiRPi33 Run43 DiRPi34 Run33,20,25.0,0.625,50,500,40,40,1800,18,15,2.0512793067433885,0.08234921987620009,27.30398774067059,1.8202658493780393
DiRPi29 Run4326 DiRPi33 Run44 DiRPi34 Run34,20,25.0,0.625,50,500,40,40,1746,18,15,1.9670073846278051,0.07812109622559744,7.1857697331568415,0.47905131554378944
DiRPi29 Run4327 DiRPi33 Run45 DiRPi34 Run35,20,25.0,0.625,50,500,40,40,999,18,15,2.089792391207094,0.10958138850157405,10.047336806424688,0.6698224537616458
DiRPi35 Run36 DiRPi29 Run4351 DiRPi33 Run64,20,25.0,0.625,50,500,40,40,221,15,12,2.2236867509615865,0.30385633516173716,10.122789501720534,0.8435657918100445
DiRPi35 Run37 DiRPi29 Run4352 DiRPi33 Run65,20,25.0,0.625,50,500,40,40,55,11,8,1.6304816858773261,0.5656670005301663,3.0872960405726593,0.3859120050715824
DiRPi35 Run39 DiRPi29 Run4353 DiRPi33 Run66,20,25.0,0.625,50,500,40,40,228,15,12,1.9466210646739244,0.2160003361643304,9.629693615086184,0.8024744679238487
DiRPi29 Run4325 DiRPi33 Run43 DiRPi34 Run33,20,25.0,0.625,75,500,40,40,1344,17,14,2.04103883821018,0.10380645740481942,27.282221303760927,1.9487300931257805
DiRPi29 Run4326 DiRPi33 Run44 DiRPi34 Run34,20,25.0,0.625,75,500,40,40,1276,17,14,2.0060525947567878,0.10131368148940126,6.753476372517315,0.48239116946552246
DiRPi29 Run4327 DiRPi33 Run45 DiRPi34 Run35,20,25.0,0.625,75,500,40,40,745,17,14,2.075660185929198,0.1344608047329812,10.012478620612612,0.7151770443294723
DiRPi35 Run36 DiRPi29 Run4351 DiRPi33 Run64,20,25.0,0.625,75,500,40,40,171,14,11,2.1335364828456154,0.3585421426477017,9.983237115641028,0.9075670105128207
DiRPi35 Run37 DiRPi29 Run4352 DiRPi33 Run65,20,25.0,0.625,75,500,40,40,39,10,7,1.743567488908755,0.8529804090096462,3.020813963330581,0.4315448519043687
DiRPi35 Run39 DiRPi29 Run4353 DiRPi33 Run66,20,25.0,0.625,75,500,40,40,172,14,11,1.8392431729997203,0.24246058126769807,8.897265893429656,0.8088423539481506
DiRPi29 Run4325 DiRPi33 Run43 DiRPi34 Run33,20,25.0,0.625,100,500,40,40,973,16,13,2.253942116763254,0.156194827823715,21.613259280528336,1.6625584061944874
DiRPi29 Run4326 DiRPi33 Run44 DiRPi34 Run34,20,25.0,0.625,100,500,40,40,958,16,13,1.9251214795794303,0.12073858433397061,5.719170607104131,0.4399362005464716
DiRPi29 Run4327 DiRPi33 Run45 DiRPi34 Run35,20,25.0,0.625,100,500,40,40,562,16,13,1.9875951112502266,0.15755841835416376,9.161539911411824,0.7047338393393711
DiRPi35 Run36 DiRPi29 Run4351 DiRPi33 Run64,20,25.0,0.625,100,500,40,40,129,13,10,2.2435249839041584,0.5024826471136014,9.858543414648727,0.9858543414648727
DiRPi35 Run37 DiRPi29 Run4352 DiRPi33 Run65,20,25.0,0.625,100,500,40,40,29,9,6,1.681630923639984,1.0553727526924541,3.005807792587221,0.5009679654312035
DiRPi35 Run39 DiRPi29 Run4353 DiRPi33 Run66,20,25.0,0.625,100,500,40,40,134,13,10,1.4423172231921655,0.2151226376216896,2.6884478302105603,0.268844783021056
DiRPi29 Run4325 DiRPi33 Run43 DiRPi34 Run33,25,20.0,0.5,60,500,40,40,1583,22,19,2.040589652466147,0.09039352292853019,26.207655065693082,1.3793502666154254
DiRPi29 Run4326 DiRPi33 Run44 DiRPi34 Run34,25,20.0,0.5,60,500,40,40,1562,22,19,1.9668067116645653,0.08265642852013123,17.466141399238982,0.9192705999599464
DiRPi29 Run4327 DiRPi33 Run45 DiRPi34 Run35,25,20.0,0.5,60,500,40,40,893,22,19,2.0170147918089643,0.11342077085565257,20.092934941812416,1.0575228916743378
DiRPi35 Run36 DiRPi29 Run4351 DiRPi33 Run64,25,20.0,0.5,60,500,40,40,196,18,15,2.1857107142042693,0.3506075693842172,14.886277459229294,0.992418497281953
DiRPi35 Run37 DiRPi29 Run4352 DiRPi33 Run65,25,20.0,0.5,60,500,40,40,50,12,9,1.492156201712492,0.5851588380876561,3.220305540126278,0.35781172668069755
DiRPi35 Run39 DiRPi29 Run4353 DiRPi33 Run66,25,20.0,0.5,60,500,40,40,207,17,14,1.6416858623839694,0.19369129978741284,19.933483515669977,1.4238202511192841
DiRPi29 Run4325 DiRPi33 Run43 DiRPi34 Run33,25,20.0,0.5,80,500,40,40,1251,21,18,2.0449887739623342,0.11007560726565202,26.203227964908958,1.4557348869393865
DiRPi29 Run4326 DiRPi33 Run44 DiRPi34 Run34,25,20.0,0.5,80,500,40,40,1207,21,18,2.0288718710244615,0.10464218501491251,16.269831269211924,0.903879514956218
DiRPi29 Run4327 DiRPi33 Run45 DiRPi34 Run35,25,20.0,0.5,80,500,40,40,694,21,18,2.037859926735162,0.13746742952663776,19.750765476672896,1.0972647487040499
DiRPi35 Run36 DiRPi29 Run4351 DiRPi33 Run64,25,20.0,0.5,80,500,40,40,160,17,14,2.14639066095014,0.4113323414589518,14.85741796004905,1.0612441400035035
DiRPi35 Run37 DiRPi29 Run4352 DiRPi33 Run65,25,20.0,0.5,80,500,40,40,38,11,8,1.5280017158751713,0.800399117857181,3.2132586704134893,0.40165733380168617
DiRPi35 Run39 DiRPi29 Run4353 DiRPi33 Run66,25,20.0,0.5,80,500,40,40,166,16,13,1.4747879258651342,0.19687215829717727,17.10064232894995,1.3154340253038421
DiRPi29 Run4325 DiRPi33 Run43 DiRPi34 Run33,25,20.0,0.5,100,500,40,40,973,20,17,2.172080172603868,0.1481655587192114,23.759394955594566,1.3976114679761509
DiRPi29 Run4326 DiRPi33 Run44 DiRPi34 Run34,25,20.0,0.5,100,500,40,40,958,20,17,1.9833196004914528,0.12236316082156734,15.891916653685461,0.9348186266873801
DiRPi29 Run4327 DiRPi33 Run45 DiRPi34 Run35,25,20.0,0.5,100,500,40,40,562,20,17,1.955060425043345,0.15104373506732027,16.517055969414592,0.971591527612623
DiRPi35 Run36 DiRPi29 Run4351 DiRPi33 Run64,25,20.0,0.5,100,500,40,40,129,16,13,2.230056031467298,0.5323636948931719,14.761712383845298,1.135516337218869
DiRPi35 Run37 DiRPi29 Run4352 DiRPi33 Run65,25,20.0,0.5,100,500,40,40,29,10,7,1.630615703343391,1.1354063546671822,3.1655548017589576,0.45222211453699396
DiRPi35 Run39 DiRPi29 Run4353 DiRPi33 Run66,25,20.0,0.5,100,500,40,40,134,15,12,1.1452094254610758,0.1717890315707956,9.364969830017468,0.7804141525014557
DiRPi29 Run4325 DiRPi33 Run43 DiRPi34 Run33,50,10.0,0.25,50,500,40,40,1800,44,41,1.9918720106173222,0.07853153729308893,41.629158096249725,1.015345319420725
DiRPi29 Run4326 DiRPi33 Run44 DiRPi34 Run34,50,10.0,0.25,50,500,40,40,1746,44,41,2.0198880188681674,0.0778447106281977,44.93507300638678,1.0959773903996775
DiRPi29 Run4327 DiRPi33 Run45 DiRPi34 Run35,50,10.0,0.25,50,500,40,40,999,43,40,2.05972800156408,0.11002697371011075,32.872828296723256,0.8218207074180814
DiRPi35 Run36 DiRPi29 Run4351 DiRPi33 Run64,50,10.0,0.25,50,500,40,40,221,32,29,1.726144565326719,0.28414877774188246,25.321693572929632,0.8731618473424011
DiRPi35 Run37 DiRPi29 Run4352 DiRPi33 Run65,50,10.0,0.25,50,500,40,40,55,19,16,1.339439446153641,0.8378063572893988,9.200316370776202,0.5750197731735126
DiRPi35 Run39 DiRPi29 Run4353 DiRPi33 Run66,50,10.0,0.25,50,500,40,40,228,28,25,1.7493677894386135,0.26208979188879344,31.306838371379733,1.2522735348551892
DiRPi29 Run4325 DiRPi33 Run43 DiRPi34 Run33,50,10.0,0.25,60,500,40,40,1583,43,40,2.0338429994388814,0.088973660623092,40.302917953407935,1.0075729488351983
DiRPi29 Run4326 DiRPi33 Run44 DiRPi34 Run34,50,10.0,0.25,60,500,40,40,1562,43,40,1.9789953565173257,0.08256048105487579,43.64166317364751,1.0910415793411876
DiRPi29 Run4327 DiRPi33 Run45 DiRPi34 Run35,50,10.0,0.25,60,500,40,40,893,42,39,2.0354103629413767,0.11796021151898138,32.600496531156914,0.8359101674655619
DiRPi35 Run36 DiRPi29 Run4351 DiRPi33 Run64,50,10.0,0.25,60,500,40,40,196,31,28,1.770016764684979,0.32759404681322524,25.181999064745636,0.8993571094552013
DiRPi35 Run37 DiRPi29 Run4352 DiRPi33 Run65,50,10.0,0.25,60,500,40,40,50,18,15,0.9260768178139943,0.6272020484809061,9.028715903101919,0.6019143935401279
DiRPi35 Run39 DiRPi29 Run4353 DiRPi33 Run66,50,10.0,0.25,60,500,40,40,207,27,24,1.629927516354258,0.2588546690360816,29.953669714372328,1.2480695714321803
DiRPi29 Run4325 DiRPi33 Run43 DiRPi34 Run33,50,10.0,0.25,70,500,40,40,1421,42,39,1.9808144220332704,0.09395005135119505,38.889470528072835,0.9971659109762265
DiRPi29 Run4326 DiRPi33 Run44 DiRPi34 Run34,50,10.0,0.25,70,500,40,40,1350,42,39,2.070108580650313,0.09696119865630637,36.71065596464354,0.941298870888296
DiRPi29 Run4327 DiRPi33 Run45 DiRPi34 Run35,50,10.0,0.25,70,500,40,40,795,41,38,2.027377391209959,0.12825297492891283,32.574728725775564,0.8572297033098832
DiRPi35 Run36 DiRPi29 Run4351 DiRPi33 Run64,50,10.0,0.25,70,500,40,40,180,30,27,1.582608069677195,0.30746852617621334,23.610978896899923,0.8744806998851823
DiRPi35 Run37 DiRPi29 Run4352 DiRPi33 Run65,50,10.0,0.25,70,500,40,40,41,17,14,2.2959171640856737,2.9810154594761356,6.739637417447287,0.4814026726748062
DiRPi35 Run39 DiRPi29 Run4353 DiRPi33 Run66,50,10.0,0.25,70,500,40,40,182,26,23,1.6557637087790504,0.2928326794462662,29.876593377592478,1.2989823207648903
DiRPi29 Run4325 DiRPi33 Run43 DiRPi34 Run33,50,10.0,0.25,80,500,40,40,1251,41,38,2.0268446484622964,0.10743889319650375,37.914025912904,0.9977375240237896
DiRPi29 Run4326 DiRPi33 Run44 DiRPi34 Run34,50,10.0,0.25,80,500,40,40,1207,41,38,2.0435910019545434,0.1038542684257396,36.33184491068377,0.9561011818600992
DiRPi29 Run4327 DiRPi33 Run45 DiRPi34 Run35,50,10.0,0.25,80,500,40,40,694,40,37,2.0992072921392184,0.14799923153413452,30.496114629029236,0.8242193142980875
DiRPi35 Run36 DiRPi29 Run4351 DiRPi33 Run64,50,10.0,0.25,80,500,40,40,160,29,26,1.6058697959292627,0.35289623537764236,23.583383063495972,0.9070531947498451
DiRPi35 Run37 DiRPi29 Run4352 DiRPi33 Run65,50,10.0,0.25,80,500,40,40,38,16,13,1.832041318140377,2.3524319759625003,6.657996370550696,0.5121535669654381
DiRPi35 Run39 DiRPi29 Run4353 DiRPi33 Run66,50,10.0,0.25,80,500,40,40,166,25,22,1.5083843108473145,0.27607017949464685,28.12116957978372,1.2782349808992601
DiRPi29 Run4325 DiRPi33 Run43 DiRPi34 Run33,50,10.0,0.25,90,500,40,40,1107,40,37,2.0637766635504664,0.12206259923680968,37.43723443048496,1.0118171467698638
DiRPi29 Run4326 DiRPi33 Run44 DiRPi34 Run34,50,10.0,0.25,90,500,40,40,1090,40,37,1.9457361586804944,0.10552565586215763,32.55682558999646,0.8799142051350394
DiRPi29 Run4327 DiRPi33 Run45 DiRPi34 Run35,50,10.0,0.25,90,500,40,40,628,39,36,2.016334916254579,0.1516880468871471,28.739851732511916,0.7983292147919977
DiRPi35 Run36 DiRPi29 Run4351 DiRPi33 Run64,50,10.0,0.25,90,500,40,40,145,28,25,1.5255385735014173,0.36643404048891637,23.3440462314264,0.933761849257056
DiRPi35 Run37 DiRPi29 Run4352 DiRPi33 Run65,50,10.0,0.25,90,500,40,40,31,15,12,4.298215679621904,13.4910228744961,4.308884464753253,0.3590737053961044
DiRPi35 Run39 DiRPi29 Run4353 DiRPi33 Run66,50,10.0,0.25,90,500,40,40,154,24,21,1.1008491338058304,0.1887308324857455,17.954067469028168,0.854955593763246
DiRPi29 Run4325 DiRPi33 Run43 DiRPi34 Run33,50,10.0,0.25,100,500,40,40,973,39,36,2.1520205344570855,0.14423696597635932,35.15722317223233,0.9765895325620091
DiRPi29 Run4326 DiRPi33 Run44 DiRPi34 Run34,50,10.0,0.25,100,500,40,40,958,39,36,1.9791453968775206,0.1197499873602773,32.12032643040192,0.8922312897333866
DiRPi29 Run4327 DiRPi33 Run45 DiRPi34 Run35,50,10.0,0.25,100,500,40,40,562,38,35,1.9809242804113527,0.16197549017727955,28.444749023004455,0.8127071149429844
DiRPi35 Run36 DiRPi29 Run4351 DiRPi33 Run64,50,10.0,0.25,100,500,40,40,129,27,24,1.5770064735432365,0.43406683824603,23.242326867445104,0.968430286143546
DiRPi35 Run37 DiRPi29 Run4352 DiRPi33 Run65,50,10.0,0.25,100,500,40,40,29,14,11,2.778098570791851,6.210005338127656,4.129592452681729,0.375417495698339
DiRPi35 Run39 DiRPi29 Run4353 DiRPi33 Run66,50,10.0,0.25,100,500,40,40,134,23,20,0.9599794235512399,0.18473957814780148,16.49386298488616,0.824693149244308
DiRPi29 Run4325 DiRPi33 Run43 DiRPi34 Run33,100,5.0,0.125,60,500,40,40,1583,85,82,1.8744465083951205,0.08007882779045335,93.38364914380772,1.1388249895586307
DiRPi29 Run4326 DiRPi33 Run44 DiRPi34 Run34,100,5.0,0.125,60,500,40,40,1562,81,78,1.8434773660107453,0.0801536562519967,68.81003685578554,0.8821799596895582
DiRPi29 Run4327 DiRPi33 Run45 DiRPi34 Run35,100,5.0,0.125,60,500,40,40,893,73,70,1.8530094758610547,0.11845168585647572,65.11413966454005,0.930201995207715
DiRPi35 Run36 DiRPi29 Run4351 DiRPi33 Run64,100,5.0,0.125,60,500,40,40,196,53,50,1.8755907284219213,0.49934834039249526,35.15522316933527,0.7031044633867054
DiRPi35 Run37 DiRPi29 Run4352 DiRPi33 Run65,100,5.0,0.125,60,500,40,40,50,27,24,0.1615736161951989,0.12868345729368225,6.83052180617919,0.28460507525746626
DiRPi35 Run39 DiRPi29 Run4353 DiRPi33 Run66,100,5.0,0.125,60,500,40,40,207,46,43,1.5772313085465781,0.3852921806147039,45.09476455576323,1.0487154547851913
DiRPi29 Run4325 DiRPi33 Run43 DiRPi34 Run33,100,5.0,0.125,80,500,40,40,1251,81,78,1.8189035170257026,0.09339204641322764,87.55004147709991,1.1224364291935887
DiRPi29 Run4326 DiRPi33 Run44 DiRPi34 Run34,100,5.0,0.125,80,500,40,40,1207,77,74,1.8827903382316884,0.09963805666687464,62.427433669702104,0.8436139685094879
DiRPi29 Run4327 DiRPi33 Run45 DiRPi34 Run35,100,5.0,0.125,80,500,40,40,694,69,66,1.913044293782411,0.15185599880826017,62.03273791451671,0.9398899684017683
DiRPi35 Run36 DiRPi29 Run4351 DiRPi33 Run64,100,5.0,0.125,80,500,40,40,160,49,46,1.390069903232388,0.3969949099600001,25.424708722767313,0.5527110591905938
DiRPi35 Run37 DiRPi29 Run4352 DiRPi33 Run65,100,5.0,0.125,80,500,40,40,38,23,20,0.5289963542004491,0.7582355492267078,4.655254076676868,0.2327627038338434
DiRPi35 Run39 DiRPi29 Run4353 DiRPi33 Run66,100,5.0,0.125,80,500,40,40,166,42,39,1.7431266639468697,0.5802499970553024,42.85928967710299,1.0989561455667434
DiRPi29 Run4325 DiRPi33 Run43 DiRPi34 Run33,100,5.0,0.125,100,500,40,40,973,77,74,1.8718176350551774,0.11990601223285141,85.65376668272731,1.1574833335503691
DiRPi29 Run4326 DiRPi33 Run44 DiRPi34 Run34,100,5.0,0.125,100,500,40,40,958,73,70,1.7861863402938156,0.11281610019998012,56.697935283838554,0.8099705040548365
DiRPi29 Run4327 DiRPi33 Run45 DiRPi34 Run35,100,5.0,0.125,100,500,40,40,562,65,62,1.7730707050776588,0.16645668792770207,58.4514230212943,0.9427648874402307
DiRPi35 Run36 DiRPi29 Run4351 DiRPi33 Run64,100,5.0,0.125,100,500,40,40,129,45,42,1.3859721242166492,0.5304157024251424,25.015754665998003,0.5956132063332857
DiRPi35 Run37 DiRPi29 Run4352 DiRPi33 Run65,100,5.0,0.125,100,500,40,40,29,20,17,4.817221429380989,56.3868032940421,2.9818311409496308,0.1754018318205665
DiRPi35 Run39 DiRPi29 Run4353 DiRPi33 Run66,100,5.0,0.125,100,500,40,40,134,38,35,0.7100588126484448,0.20971754774698836,30.468232518111858,0.8705209290889102
DiRPi29 Run4325 DiRPi33 Run43 DiRPi34 Run33,20,25.0,0.625,50,500,50,50,1523,18,15,1.9559369261416202,0.08228441351265552,27.087945414819714,1.8058630276546477
DiRPi29 Run4326 DiRPi33 Run44 DiRPi34 Run34,20,25.0,0.625,50,500,50,50,1471,18,15,1.911542517797444,0.08093283272336575,5.222003856696367,0.3481335904464245
DiRPi29 Run4327 DiRPi33 Run45 DiRPi34 Run35,20,25.0,0.625,50,500,50,50,834,18,15,2.0570740251907647,0.11697601949098542,9.318056073873821,0.6212037382582547
DiRPi35 Run36 DiRPi29 Run4351 DiRPi33 Run64,20,25.0,0.625,50,500,50,50,203,15,12,2.2485649436030126,0.3292525393052945,13.541887068135983,1.128490589011332
DiRPi35 Run37 DiRPi29 Run4352 DiRPi33 Run65,20,25.0,0.625,50,500,50,50,51,10,7,1.620655112048249,0.6103072194516793,3.030752609791836,0.4329646585416908
DiRPi35 Run39 DiRPi29 Run4353 DiRPi33 Run66,20,25.0,0.625,50,500,50,50,202,14,11,1.8883504981647103,0.22192962073474598,9.990722795102522,0.908247526827502
DiRPi29 Run4325 DiRPi33 Run43 DiRPi34 Run33,20,25.0,0.625,75,500,50,50,1134,17,14,1.90167304501802,0.1001031922411782,26.427866897162122,1.887704778368723
DiRPi29 Run4326 DiRPi33 Run44 DiRPi34 Run34,20,25.0,0.625,75,500,50,50,1065,17,14,1.9536577734228606,0.1057869562430285,4.775440418873204,0.34110288706237174
DiRPi29 Run4327 DiRPi33 Run45 DiRPi34 Run35,20,25.0,0.625,75,500,50,50,618,17,14,2.0519647342206873,0.14460103409029199,9.313946569214886,0.6652818978010633
DiRPi35 Run36 DiRPi29 Run4351 DiRPi33 Run64,20,25.0,0.625,75,500,50,50,160,14,11,2.080735157562733,0.36354212964751165,13.08433032273216,1.1894845747938327
DiRPi35 Run37 DiRPi29 Run4352 DiRPi33 Run65,20,25.0,0.625,75,500,50,50,36,9,6,1.8302987956979386,1.041514988506933,2.9062276318238993,0.4843712719706499
DiRPi35 Run39 DiRPi29 Run4353 DiRPi33 Run66,20,25.0,0.625,75,500,50,50,149,13,10,1.8434093497762654,0.2626079661686305,9.864074292224116,0.9864074292224115
DiRPi29 Run4325 DiRPi33 Run43 DiRPi34 Run33,20,25.0,0.625,100,500,50,50,820,16,13,2.0116008237469547,0.14062492698555784,24.772581195923458,1.9055831689171892
DiRPi29 Run4326 DiRPi33 Run44 DiRPi34 Run34,20,25.0,0.625,100,500,50,50,789,16,13,1.9141875979410348,0.1307306472944382,4.556291178404464,0.3504839368003434
DiRPi29 Run4327 DiRPi33 Run45 DiRPi34 Run35,20,25.0,0.625,100,500,50,50,464,16,13,1.9760680169794207,0.17064764760680753,8.730156664081424,0.671550512621648
DiRPi35 Run36 DiRPi29 Run4351 DiRPi33 Run64,20,25.0,0.625,100,500,50,50,122,13,10,2.1418275999898575,0.4903570021563785,13.044640953613252,1.3044640953613251
DiRPi35 Run37 DiRPi29 Run4352 DiRPi33 Run65,20,25.0,0.625,100,500,50,50,26,8,5,2.0956884275199674,1.7655113495429817,2.7828299931795466,0.5565659986359093
DiRPi35 Run39 DiRPi29 Run4353 DiRPi33 Run66,20,25.0,0.625,100,500,50,50,117,12,9,1.4005360924996748,0.22254968196057678,2.751927124962709,0.30576968055141207
DiRPi29 Run4325 DiRPi33 Run43 DiRPi34 Run33,25,20.0,0.5,60,500,50,50,1338,22,19,1.9633136365465695,0.09076715609312208,23.28229541588187,1.2253839692569404
DiRPi29 Run4326 DiRPi33 Run44 DiRPi34 Run34,25,20.0,0.5,60,500,50,50,1311,22,19,1.9284453109834505,0.0856606994488231,23.07188549818828,1.214309763062541
DiRPi29 Run4327 DiRPi33 Run45 DiRPi34 Run35,25,20.0,0.5,60,500,50,50,741,22,19,2.0144741736159477,0.12372313473766182,15.411378396990854,0.8111251787889923
DiRPi35 Run36 DiRPi29 Run4351 DiRPi33 Run64,25,20.0,0.5,60,500,50,50,182,18,15,2.2661561835670603,0.3912222017742539,14.480616420592412,0.9653744280394941
DiRPi35 Run37 DiRPi29 Run4352 DiRPi33 Run65,25,20.0,0.5,60,500,50,50,47,11,8,1.404424472058486,0.5870656149258332,3.4397391920649274,0.4299673990081159
DiRPi35 Run39 DiRPi29 Run4353 DiRPi33 Run66,25,20.0,0.5,60,500,50,50,181,16,13,1.6841737320082144,0.21489643498839983,15.691016031740173,1.2070012332107825
DiRPi29 Run4325 DiRPi33 Run43 DiRPi34 Run33,25,20.0,0.5,80,500,50,50,1052,21,18,1.9523681471292456,0.10904047247640125,23.253649144578986,1.2918693969210548
DiRPi29 Run4326 DiRPi33 Run44 DiRPi34 Run34,25,20.0,0.5,80,500,50,50,1003,21,18,2.0102432394638137,0.11058508898232318,21.241330570008557,1.1800739205560309
DiRPi29 Run4327 DiRPi33 Run45 DiRPi34 Run35,25,20.0,0.5,80,500,50,50,575,21,18,2.0371526050965216,0.15002052256781606,15.082584129463303,0.8379213405257391
DiRPi35 Run36 DiRPi29 Run4351 DiRPi33 Run64,25,20.0,0.5,80,500,50,50,150,17,14,2.2021985817050287,0.4474454221504865,14.411554903241475,1.0293967788029625
DiRPi35 Run37 DiRPi29 Run4352 DiRPi33 Run65,25,20.0,0.5,80,500,50,50,35,10,7,1.6000546622749974,0.9779001026720936,3.3220444640827873,0.47457778058325534
DiRPi35 Run39 DiRPi29 Run4353 DiRPi33 Run66,25,20.0,0.5,80,500,50,50,144,15,12,1.5421374307549756,0.22422046313095578,14.060348145346989,1.1716956787789157
DiRPi29 Run4325 DiRPi33 Run43 DiRPi34 Run33,25,20.0,0.5,100,500,50,50,820,20,17,2.004064392894667,0.13881370835039072,22.83684531948762,1.343343842322801
DiRPi29 Run4326 DiRPi33 Run44 DiRPi34 Run34,25,20.0,0.5,100,500,50,50,789,20,17,2.0022474025286843,0.13349904018844985,21.2312252462628,1.2488956027213411
DiRPi29 Run4327 DiRPi33 Run45 DiRPi34 Run35,25,20.0,0.5,100,500,50,50,464,20,17,1.9460024110426568,0.16442085240175355,12.941332564535067,0.7612548567373568
DiRPi35 Run36 DiRPi29 Run4351 DiRPi33 Run64,25,20.0,0.5,100,500,50,50,122,16,13,2.256545997477489,0.5616879973828762,14.372892020858572,1.1056070785275824
DiRPi35 Run37 DiRPi29 Run4352 DiRPi33 Run65,25,20.0,0.5,100,500,50,50,26,9,6,2.055121553832444,1.9496284504231385,2.897934999797199,0.4829891666328665
DiRPi35 Run39 DiRPi29 Run4353 DiRPi33 Run66,25,20.0,0.5,100,500,50,50,117,14,11,1.159317326172941,0.18596002740828418,6.339984089587885,0.576362189962535
DiRPi29 Run4325 DiRPi33 Run43 DiRPi34 Run33,50,10.0,0.25,50,500,50,50,1523,44,41,1.9395474939744333,0.08088562656449905,42.978382513158856,1.0482532320282647
DiRPi29 Run4326 DiRPi33 Run44 DiRPi34 Run34,50,10.0,0.25,50,500,50,50,1471,43,40,1.9223567580172678,0.08092772330882451,42.91957041064531,1.0729892602661328
DiRPi29 Run4327 DiRPi33 Run45 DiRPi34 Run35,50,10.0,0.25,50,500,50,50,834,42,39,2.004220123469891,0.12021250772093062,36.06064450948321,0.9246319104995695
DiRPi35 Run36 DiRPi29 Run4351 DiRPi33 Run64,50,10.0,0.25,50,500,50,50,203,32,29,1.8602760270966674,0.34768673404273415,26.233438163314894,0.9046013159763756
DiRPi35 Run37 DiRPi29 Run4352 DiRPi33 Run65,50,10.0,0.25,50,500,50,50,51,18,15,1.3747450331200761,0.9770411387239855,8.83840921155817,0.5892272807705446
DiRPi35 Run39 DiRPi29 Run4353 DiRPi33 Run66,50,10.0,0.25,50,500,50,50,202,27,24,1.7593919950441,0.2833128337238591,27.896615722956252,1.1623589884565104
DiRPi29 Run4325 DiRPi33 Run43 DiRPi34 Run33,50,10.0,0.25,60,500,50,50,1338,43,40,1.9720763792414147,0.09094564257124622,42.18445707258228,1.054611426814557
DiRPi29 Run4326 DiRPi33 Run44 DiRPi34 Run34,50,10.0,0.25,60,500,50,50,1311,42,39,1.8788485899998513,0.08594940611034278,41.62006343581817,1.0671811137389273
DiRPi29 Run4327 DiRPi33 Run45 DiRPi34 Run35,50,10.0,0.25,60,500,50,50,741,41,38,2.000382660882168,0.13119452697790743,36.054773262588576,0.9488098226996994
DiRPi35 Run36 DiRPi29 Run4351 DiRPi33 Run64,50,10.0,0.25,60,500,50,50,182,31,28,1.9019471172233644,0.3972670172662698,26.140299157010297,0.9335821127503677
DiRPi35 Run37 DiRPi29 Run4352 DiRPi33 Run65,50,10.0,0.25,60,500,50,50,47,17,14,0.3891897893878284,0.256238089939813,7.729278587425561,0.5520913276732544
DiRPi35 Run39 DiRPi29 Run4353 DiRPi33 Run66,50,10.0,0.25,60,500,50,50,181,26,23,1.7129604973270696,0.3005091276095339,27.725727319777945,1.2054664052077368
DiRPi29 Run4325 DiRPi33 Run43 DiRPi34 Run33,50,10.0,0.25,70,500,50,50,1203,42,39,1.8984817095345823,0.09438246649508336,39.51203645280086,1.0131291398154065
DiRPi29 Run4326 DiRPi33 Run44 DiRPi34 Run34,50,10.0,0.25,70,500,50,50,1130,41,38,1.9604399433913529,0.10082344479332608,36.786568430482816,0.9680675902758636
DiRPi29 Run4327 DiRPi33 Run45 DiRPi34 Run35,50,10.0,0.25,70,500,50,50,662,40,37,1.9717221214752412,0.14075010836581744,35.7920585102496,0.9673529327094488
DiRPi35 Run36 DiRPi29 Run4351 DiRPi33 Run64,50,10.0,0.25,70,500,50,50,169,30,27,1.644308411504557,0.3515763233216718,24.00945284722623,0.8892389943417122
DiRPi35 Run37 DiRPi29 Run4352 DiRPi33 Run65,50,10.0,0.25,70,500,50,50,38,16,13,2.0592515409542003,2.825119906146305,5.993892795851909,0.461068676603993
DiRPi35 Run39 DiRPi29 Run4353 DiRPi33 Run66,50,10.0,0.25,70,500,50,50,158,25,22,1.7838216561717866,0.35358928624035646,27.26988967621569,1.239540439827986
DiRPi29 Run4325 DiRPi33 Run43 DiRPi34 Run33,50,10.0,0.25,80,500,50,50,1052,41,38,1.951357880129779,0.10859885581232659,38.149644188098605,1.0039380049499633
DiRPi29 Run4326 DiRPi33 Run44 DiRPi34 Run34,50,10.0,0.25,80,500,50,50,1003,40,37,1.9487351487650004,0.10969833662441807,36.719241846539546,0.9924119417983661
DiRPi29 Run4327 DiRPi33 Run45 DiRPi34 Run35,50,10.0,0.25,80,500,50,50,575,39,36,2.0546413239129353,0.16438523594965176,33.40727888328899,0.9279799689802497
DiRPi35 Run36 DiRPi29 Run4351 DiRPi33 Run64,50,10.0,0.25,80,500,50,50,150,29,26,1.7176007688297155,0.4204806507099297,23.779458224843083,0.9145945471093493
DiRPi35 Run37 DiRPi29 Run4352 DiRPi33 Run65,50,10.0,0.25,80,500,50,50,35,15,12,1.6103873552941594,2.2587914427354736,5.958279451080269,0.49652328759002246
DiRPi35 Run39 DiRPi29 Run4353 DiRPi33 Run66,50,10.0,0.25,80,500,50,50,144,24,21,1.665255848268662,0.344654440021569,26.418460743605365,1.2580219401716841
DiRPi29 Run4325 DiRPi33 Run43 DiRPi34 Run33,50,10.0,0.25,90,500,50,50,938,40,37,1.9254612040459436,0.11754219383334377,37.92764687749691,1.0250715372296462
DiRPi29 Run4326 DiRPi33 Run44 DiRPi34 Run34,50,10.0,0.25,90,500,50,50,899,39,36,1.8812008457770149,0.11445998645708313,35.061209459320786,0.973922484981133
DiRPi29 Run4327 DiRPi33 Run45 DiRPi34 Run35,50,10.0,0.25,90,500,50,50,519,38,35,1.9848826832430178,0.17028113947262463,32.326836355413775,0.923623895868965
DiRPi35 Run36 DiRPi29 Run4351 DiRPi33 Run64,50,10.0,0.25,90,500,50,50,137,28,25,1.6275021687114783,0.4314044938436168,23.541376379373435,0.9416550551749374
DiRPi35 Run37 DiRPi29 Run4352 DiRPi33 Run65,50,10.0,0.25,90,500,50,50,28,14,11,9.365252214452438,81.16367628048188,3.2707893669229384,0.2973444879020853
DiRPi35 Run39 DiRPi29 Run4353 DiRPi33 Run66,50,10.0,0.25,90,500,50,50,135,23,20,1.119496317784545,0.20293104138115595,14.349774628108358,0.7174887314054179
DiRPi29 Run4325 DiRPi33 Run43 DiRPi34 Run33,50,10.0,0.25,100,500,50,50,820,39,36,2.0022724001760097,0.13837009299634118,36.12853052825954,1.0035702924516539
DiRPi29 Run4326 DiRPi33 Run44 DiRPi34 Run34,50,10.0,0.25,100,500,50,50,789,38,35,1.9107348112420806,0.12984268445564434,34.76082764601186,0.9931665041717674
DiRPi29 Run4327 DiRPi33 Run45 DiRPi34 Run35,50,10.0,0.25,100,500,50,50,464,37,34,1.9562759603831699,0.18279520340313882,32.1582635946727,0.9458312821962558
DiRPi35 Run36 DiRPi29 Run4351 DiRPi33 Run64,50,10.0,0.25,100,500,50,50,122,27,24,1.7226008753038693,0.5278728374920857,23.237069566187635,0.9682112319244848
DiRPi35 Run37 DiRPi29 Run4352 DiRPi33 Run65,50,10.0,0.25,100,500,50,50,26,13,10,6.00725807724208,35.56432556554778,3.235355708174626,0.3235355708174626
DiRPi35 Run39 DiRPi29 Run4353 DiRPi33 Run66,50,10.0,0.25,100,500,50,50,117,22,19,0.9659752176389125,0.19699340011400743,13.099131710754014,0.689427984776527
DiRPi29 Run4325 DiRPi33 Run43 DiRPi34 Run33,100,5.0,0.125,60,500,50,50,1338,83,80,1.801905588409881,0.08373757055446818,86.85883639739887,1.085735454967486
DiRPi29 Run4326 DiRPi33 Run44 DiRPi34 Run34,100,5.0,0.125,60,500,50,50,1311,79,76,1.7541643436537908,0.08423881094597248,59.85646707271005,0.7875850930619744
DiRPi29 Run4327 DiRPi33 Run45 DiRPi34 Run35,100,5.0,0.125,60,500,50,50,741,70,67,1.8283370178129479,0.13504444484527273,65.7285707028832,0.981023443326615
DiRPi35 Run36 DiRPi29 Run4351 DiRPi33 Run64,100,5.0,0.125,60,500,50,50,182,51,48,1.9105676425138443,0.5733309579862483,32.59144805974857,0.678988501244762
DiRPi35 Run37 DiRPi29 Run4352 DiRPi33 Run65,100,5.0,0.125,60,500,50,50,47,26,23,0.1718707213538011,0.13168880361108037,6.4356702581892025,0.27981175035605227
DiRPi35 Run39 DiRPi29 Run4353 DiRPi33 Run66,100,5.0,0.125,60,500,50,50,181,43,40,1.4528456916123358,0.4114082456709749,47.927029124575405,1.1981757281143852
DiRPi29 Run4325 DiRPi33 Run43 DiRPi34 Run33,100,5.0,0.125,80,500,50,50,1052,79,76,1.7415433265822653,0.09763644247049924,80.03877754463528,1.0531418097978327
DiRPi29 Run4326 DiRPi33 Run44 DiRPi34 Run34,100,5.0,0.125,80,500,50,50,1003,75,72,1.8009567975408942,0.1065487775554751,55.1965669494701,0.766618985409307
DiRPi29 Run4327 DiRPi33 Run45 DiRPi34 Run35,100,5.0,0.125,80,500,50,50,575,66,63,1.8561345793613873,0.16931527483134698,59.068279121946254,0.937591732094385
DiRPi35 Run36 DiRPi29 Run4351 DiRPi33 Run64,100,5.0,0.125,80,500,50,50,150,47,44,1.4990762525962444,0.5024939644339512,26.317855303841295,0.5981330750873022
DiRPi35 Run37 DiRPi29 Run4352 DiRPi33 Run65,100,5.0,0.125,80,500,50,50,35,22,19,0.37148581549259957,0.5888998292692853,4.451284448606629,0.23427812887403313
DiRPi35 Run39 DiRPi29 Run4353 DiRPi33 Run66,100,5.0,0.125,80,500,50,50,144,39,36,1.7816920375849532,0.7201803495407613,44.89839158899685,1.2471775441388013
DiRPi29 Run4325 DiRPi33 Run43 DiRPi34 Run33,100,5.0,0.125,100,500,50,50,820,75,72,1.7453836557888651,0.1215985138074244,77.3421834871686,1.0741969928773416
DiRPi29 Run4326 DiRPi33 Run44 DiRPi34 Run34,100,5.0,0.125,100,500,50,50,789,71,68,1.7283421477871845,0.12361102010847957,50.7628555908079,0.7465125822177633
DiRPi29 Run4327 DiRPi33 Run45 DiRPi34 Run35,100,5.0,0.125,100,500,50,50,464,62,59,1.7262833749677597,0.187592855671928,56.13215302076818,0.9513924240808166
DiRPi35 Run36 DiRPi29 Run4351 DiRPi33 Run64,100,5.0,0.125,100,500,50,50,122,43,40,1.5951889391697003,0.7414304874868123,25.602480279691957,0.6400620069922989
DiRPi35 Run37 DiRPi29 Run4352 DiRPi33 Run65,100,5.0,0.125,100,500,50,50,26,19,16,58.926759525176045,23300.520669143167,2.680531351287055,0.16753320945544095
DiRPi35 Run39 DiRPi29 Run4353 DiRPi33 Run66,100,5.0,0.125,100,500,50,50,117,35,32,0.5236564045621165,0.15257577619687349,26.67971829595087,0.8337411967484647
DiRPi29 Run4325 DiRPi33 Run43 DiRPi34 Run33,20,25.0,0.625,75,500,50,30,1487,17,14,1.9454574401863038,0.09393692173054684,27.386697687122446,1.9561926919373176
DiRPi29 Run4326 DiRPi33 Run44 DiRPi34 Run34,20,25.0,0.625,75,500,50,30,1441,17,14,1.9785254580171374,0.0940802346086286,8.633549359450136,0.6166820971035811
DiRPi29 Run4327 DiRPi33 Run45 DiRPi34 Run35,20,25.0,0.625,75,500,50,30,799,17,14,2.030485362911772,0.12282476253627927,18.96486461968582,1.3546331871204156
DiRPi35 Run36 DiRPi29 Run4351 DiRPi33 Run64,20,25.0,0.625,75,500,50,30,186,14,11,2.226076158434731,0.3631988745128165,9.89863067988648,0.8998755163533164
DiRPi35 Run37 DiRPi29 Run4352 DiRPi33 Run65,20,25.0,0.625,75,500,50,30,44,11,8,1.351117296652788,0.5055485757380336,4.2322966740776495,0.5290370842597062
DiRPi35 Run39 DiRPi29 Run4353 DiRPi33 Run66,20,25.0,0.625,75,500,50,30,183,15,12,1.779634338031432,0.22017019229010987,12.002197001418335,1.000183083451528
DiRPi29 Run4325 DiRPi33 Run43 DiRPi34 Run33,25,20.0,0.5,80,500,50,30,1386,21,18,1.9589291327158311,0.10022693286975118,23.58367752615504,1.3102043070086133
DiRPi29 Run4326 DiRPi33 Run44 DiRPi34 Run34,25,20.0,0.5,80,500,50,30,1363,21,18,1.9801657325651694,0.09681174192496221,17.812801033101824,0.9896000573945458
DiRPi29 Run4327 DiRPi33 Run45 DiRPi34 Run35,25,20.0,0.5,80,500,50,30,748,21,18,2.0066413572380615,0.12672357379455246,19.302900186845683,1.072383343713649
DiRPi35 Run36 DiRPi29 Run4351 DiRPi33 Run64,25,20.0,0.5,80,500,50,30,174,17,14,2.22428750862512,0.3920522474901127,11.138560702343854,0.7956114787388467
DiRPi35 Run37 DiRPi29 Run4352 DiRPi33 Run65,25,20.0,0.5,80,500,50,30,41,12,9,1.3654286725597018,0.596539179325995,3.6477024887680765,0.4053002765297863
DiRPi35 Run39 DiRPi29 Run4353 DiRPi33 Run66,25,20.0,0.5,80,500,50,30,176,17,14,1.4621453589020417,0.18246739214869334,19.816956733572624,1.4154969095409018
DiRPi29 Run4325 DiRPi33 Run43 DiRPi34 Run33,50,10.0,0.25,70,500,50,30,1578,43,40,1.9051131233262777,0.08607874512518543,43.54846582239769,1.0887116455599422
DiRPi29 Run4326 DiRPi33 Run44 DiRPi34 Run34,50,10.0,0.25,70,500,50,30,1523,42,39,2.0180252473649745,0.0903966772541158,36.99261615166124,0.9485286192733651
DiRPi29 Run4327 DiRPi33 Run45 DiRPi34 Run35,50,10.0,0.25,70,500,50,30,852,40,37,2.0332165337567836,0.12536379057366104,32.92840538873127,0.8899569023981424
DiRPi35 Run36 DiRPi29 Run4351 DiRPi33 Run64,50,10.0,0.25,70,500,50,30,196,30,27,1.7271093955085075,0.32058577332432026,22.03608297985842,0.8161512214762378
DiRPi35 Run37 DiRPi29 Run4352 DiRPi33 Run65,50,10.0,0.25,70,500,50,30,46,18,15,1.4202460671002812,1.1153532749779111,7.006496285071932,0.4670997523381288
DiRPi35 Run39 DiRPi29 Run4353 DiRPi33 Run66,50,10.0,0.25,70,500,50,30,196,27,24,1.6831800144809173,0.26746367854940667,23.54546083491521,0.9810608681214671
DiRPi29 Run4325 DiRPi33 Run43 DiRPi34 Run33,50,10.0,0.25,80,500,50,30,1386,42,39,1.9494387702751326,0.09862463399521956,42.46017468639677,1.0887224278563274
DiRPi29 Run4326 DiRPi33 Run44 DiRPi34 Run34,50,10.0,0.25,80,500,50,30,1363,41,38,1.9775092454384824,0.09597918759925964,36.0244483895441,0.9480117997248447
DiRPi29 Run4327 DiRPi33 Run45 DiRPi34 Run35,50,10.0,0.25,80,500,50,30,748,39,36,2.061611918562475,0.1407253656668552,32.05488720678375,0.8904135335217708
DiRPi35 Run36 DiRPi29 Run4351 DiRPi33 Run64,50,10.0,0.25,80,500,50,30,174,29,26,1.7745626020635326,0.3720953769962342,21.920753307606834,0.8431058964464166
DiRPi35 Run37 DiRPi29 Run4352 DiRPi33 Run65,50,10.0,0.25,80,500,50,30,41,17,14,1.596075814114944,1.5964275816373785,6.9546618257402395,0.4967615589814457
DiRPi35 Run39 DiRPi29 Run4353 DiRPi33 Run66,50,10.0,0.25,80,500,50,30,176,26,23,1.5972746767215535,0.27118703790095483,22.862182570915017,0.9940079378658703
DiRPi29 Run4325 DiRPi33 Run43 DiRPi34 Run33,50,10.0,0.25,90,500,50,30,1231,41,38,1.9537815772757814,0.10959146503498232,42.452629173628246,1.1171744519375855
DiRPi29 Run4326 DiRPi33 Run44 DiRPi34 Run34,50,10.0,0.25,90,500,50,30,1222,40,37,1.9148560029983763,0.10052319397238568,34.205690007991805,0.9244781083241028
DiRPi29 Run4327 DiRPi33 Run45 DiRPi34 Run35,50,10.0,0.25,90,500,50,30,678,38,35,1.970424535086308,0.14281734918492184,28.86134785290661,0.8246099386544746
DiRPi35 Run36 DiRPi29 Run4351 DiRPi33 Run64,50,10.0,0.25,90,500,50,30,159,28,25,1.628547889363098,0.36246598099909916,21.20110551150882,0.8480442204603529
DiRPi35 Run37 DiRPi29 Run4352 DiRPi33 Run65,50,10.0,0.25,90,500,50,30,34,16,13,2.583183557608773,4.299157880564368,5.132611423343508,0.39481626333411596
DiRPi35 Run39 DiRPi29 Run4353 DiRPi33 Run66,50,10.0,0.25,90,500,50,30,162,25,22,1.2594954223006227,0.20846778565214252,15.731160100070735,0.7150527318213971
DiRPi29 Run4325 DiRPi33 Run43 DiRPi34 Run33,20,25.0,0.625,75,500,50,40,1287,17,14,1.9771341845006294,0.1007904040336076,27.003631158987744,1.9288307970705532
DiRPi29 Run4326 DiRPi33 Run44 DiRPi34 Run34,20,25.0,0.625,75,500,50,40,1234,17,14,2.0061352401646775,0.10222102377724199,6.939702658523498,0.49569304703739275
DiRPi29 Run4327 DiRPi33 Run45 DiRPi34 Run35,20,25.0,0.625,75,500,50,40,718,17,14,2.053587007693927,0.1327779977297842,12.39288169535604,0.8852058353825744
DiRPi35 Run36 DiRPi29 Run4351 DiRPi33 Run64,20,25.0,0.625,75,500,50,40,170,14,11,2.1635623813168965,0.36777455996910086,9.922872696986008,0.9020793360896371
DiRPi35 Run37 DiRPi29 Run4352 DiRPi33 Run65,20,25.0,0.625,75,500,50,40,39,10,7,1.743567488908755,0.8529804090096462,3.020813963330581,0.4315448519043687
DiRPi35 Run39 DiRPi29 Run4353 DiRPi33 Run66,20,25.0,0.625,75,500,50,40,165,14,11,1.8388137640676474,0.24453037512323275,9.403396250199416,0.8548542045635833
DiRPi29 Run4325 DiRPi33 Run43 DiRPi34 Run33,25,20.0,0.5,80,500,50,40,1197,21,18,2.0043053859282938,0.10894101550334488,22.21353546027824,1.234085303348791
DiRPi29 Run4326 DiRPi33 Run44 DiRPi34 Run34,25,20.0,0.5,80,500,50,40,1167,21,18,2.024470001144429,0.1056520548062284,14.913893830566595,0.8285496572536997
DiRPi29 Run4327 DiRPi33 Run45 DiRPi34 Run35,25,20.0,0.5,80,500,50,40,670,21,18,2.027911997259733,0.13684942195214012,16.074874411859096,0.8930485784366164
DiRPi35 Run36 DiRPi29 Run4351 DiRPi33 Run64,25,20.0,0.5,80,500,50,40,159,17,14,2.180570727549687,0.42311850152146424,14.79416865929245,1.0567263328066037
DiRPi35 Run37 DiRPi29 Run4352 DiRPi33 Run65,25,20.0,0.5,80,500,50,40,38,11,8,1.5280017158751713,0.800399117857181,3.2132586704134893,0.40165733380168617
DiRPi35 Run39 DiRPi29 Run4353 DiRPi33 Run66,25,20.0,0.5,80,500,50,40,160,16,13,1.4840645844443838,0.19897747710381233,15.931922245199717,1.2255324803999783
DiRPi29 Run4325 DiRPi33 Run43 DiRPi34 Run33,50,10.0,0.25,70,500,50,40,1362,42,39,1.9542701581163386,0.09411639033905521,34.26910320867634,0.8786949540686242
DiRPi29 Run4326 DiRPi33 Run44 DiRPi34 Run34,50,10.0,0.25,70,500,50,40,1307,42,39,2.054790057055304,0.09752507535583499,31.349007070530433,0.803820694116165
DiRPi29 Run4327 DiRPi33 Run45 DiRPi34 Run35,50,10.0,0.25,70,500,50,40,768,40,37,2.025325291930233,0.13346303636173892,33.762229353357284,0.9124926852258726
DiRPi35 Run36 DiRPi29 Run4351 DiRPi33 Run64,50,10.0,0.25,70,500,50,40,179,30,27,1.6076539764013305,0.3167840552052453,23.918513202832465,0.8858708593641653
DiRPi35 Run37 DiRPi29 Run4352 DiRPi33 Run65,50,10.0,0.25,70,500,50,40,41,17,14,2.2959171640856737,2.9810154594761356,6.739637417447287,0.4814026726748062
DiRPi35 Run39 DiRPi29 Run4353 DiRPi33 Run66,50,10.0,0.25,70,500,50,40,175,26,23,1.69562474423987,0.29909753401670924,27.956799268480946,1.2155130116730846
DiRPi29 Run4325 DiRPi33 Run43 DiRPi34 Run33,50,10.0,0.25,80,500,50,40,1197,41,38,2.000192138540257,0.10767502521704181,33.28494213258747,0.8759195298049334
DiRPi29 Run4326 DiRPi33 Run44 DiRPi34 Run34,50,10.0,0.25,80,500,50,40,1167,41,38,2.0300993421283193,0.10467230774201558,31.0274592309825,0.8165120850258553
DiRPi29 Run4327 DiRPi33 Run45 DiRPi34 Run35,50,10.0,0.25,80,500,50,40,670,39,36,2.086599735537046,0.15368422525853,31.739666044970008,0.8816573901380558
DiRPi35 Run36 DiRPi29 Run4351 DiRPi33 Run64,50,10.0,0.25,80,500,50,40,159,29,26,1.6454509472885903,0.3675255042203821,23.8456900267082,0.9171419241041616
DiRPi35 Run37 DiRPi29 Run4352 DiRPi33 Run65,50,10.0,0.25,80,500,50,40,38,16,13,1.832041318140377,2.3524319759625003,6.657996370550696,0.5121535669654381
DiRPi35 Run39 DiRPi29 Run4353 DiRPi33 Run66,50,10.0,0.25,80,500,50,40,160,25,22,1.5244468381498533,0.27509622439724585,25.743071914771928,1.1701396324896332
DiRPi29 Run4325 DiRPi33 Run43 DiRPi34 Run33,50,10.0,0.25,90,500,50,40,1061,40,37,2.0193264854919524,0.12073765622975836,33.15847112791212,0.8961748953489763
DiRPi29 Run4326 DiRPi33 Run44 DiRPi34 Run34,50,10.0,0.25,90,500,50,40,1051,40,37,1.9456090982241194,0.10754339912639055,28.233489720819755,0.7630672897518853
DiRPi29 Run4327 DiRPi33 Run45 DiRPi34 Run35,50,10.0,0.25,90,500,50,40,605,38,35,2.0258585205828075,0.15995302767921626,30.433819472931365,0.8695376992266104
DiRPi35 Run36 DiRPi29 Run4351 DiRPi33 Run64,50,10.0,0.25,90,500,50,40,145,28,25,1.5255385735014173,0.36643404048891637,23.3440462314264,0.933761849257056
DiRPi35 Run37 DiRPi29 Run4352 DiRPi33 Run65,50,10.0,0.25,90,500,50,40,31,15,12,4.298215679621904,13.4910228744961,4.308884464753253,0.3590737053961044
DiRPi35 Run39 DiRPi29 Run4353 DiRPi33 Run66,50,10.0,0.25,90,500,50,40,148,24,21,1.1342019385009845,0.19298404213660156,16.606937638627265,0.790806554220346
DiRPi29 Run4325 DiRPi33 Run43 DiRPi34 Run33,20,25.0,0.625,75,500,40,30,1553,17,14,1.9998076985733269,0.09664715829834418,27.041944916885985,1.9315674940632845
DiRPi29 Run4326 DiRPi33 Run44 DiRPi34 Run34,20,25.0,0.625,75,500,40,30,1485,17,14,1.9738783947894214,0.09301470525359987,8.16913283111391,0.5835094879367079
DiRPi29 Run4327 DiRPi33 Run45 DiRPi34 Run35,20,25.0,0.625,75,500,40,30,830,17,14,2.07281082297457,0.12578897403802117,15.764557158500356,1.1260397970357396
DiRPi35 Run36 DiRPi29 Run4351 DiRPi33 Run64,20,25.0,0.625,75,500,40,30,189,14,11,2.22706531016486,0.35592911823344037,9.139499661817434,0.8308636056197667
DiRPi35 Run37 DiRPi29 Run4352 DiRPi33 Run65,20,25.0,0.625,75,500,40,30,44,11,8,1.351117296652788,0.5055485757380336,4.2322966740776495,0.5290370842597062
DiRPi35 Run39 DiRPi29 Run4353 DiRPi33 Run66,20,25.0,0.625,75,500,40,30,190,15,12,1.7903293138819807,0.21857646351554313,11.79737794613489,0.9831148288445742
DiRPi29 Run4325 DiRPi33 Run43 DiRPi34 Run33,25,20.0,0.5,80,500,40,30,1449,21,18,1.9956107420979625,0.10146274671407024,28.021474773196,1.5567485985108889
DiRPi29 Run4326 DiRPi33 Run44 DiRPi34 Run34,25,20.0,0.5,80,500,40,30,1405,21,18,1.9797601235555646,0.09568298185992968,18.996391687080937,1.0553550937267187
DiRPi29 Run4327 DiRPi33 Run45 DiRPi34 Run35,25,20.0,0.5,80,500,40,30,776,21,18,2.01419791798866,0.1270238594510593,23.356248958220817,1.2975693865678233
DiRPi35 Run36 DiRPi29 Run4351 DiRPi33 Run64,25,20.0,0.5,80,500,40,30,177,17,14,2.2154230956140526,0.38336029411567996,11.31229287922236,0.8080209199444542
DiRPi35 Run37 DiRPi29 Run4352 DiRPi33 Run65,25,20.0,0.5,80,500,40,30,41,12,9,1.3654286725597018,0.596539179325995,3.6477024887680765,0.4053002765297863
DiRPi35 Run39 DiRPi29 Run4353 DiRPi33 Run66,25,20.0,0.5,80,500,40,30,182,17,14,1.4627032031203155,0.17985537799180049,21.198288667494626,1.5141634762496161
DiRPi29 Run4325 DiRPi33 Run43 DiRPi34 Run33,50,10.0,0.25,70,500,40,30,1647,43,40,1.924176824319276,0.08592896321078475,50.383277692514746,1.2595819423128687
DiRPi29 Run4326 DiRPi33 Run44 DiRPi34 Run34,50,10.0,0.25,70,500,40,30,1569,42,39,2.025625630154174,0.08945340071367347,42.789417479665474,1.0971645507606531
DiRPi29 Run4327 DiRPi33 Run45 DiRPi34 Run35,50,10.0,0.25,70,500,40,30,883,41,38,2.0412280523288757,0.12089236130465915,31.79724680238942,0.8367696526944585
DiRPi35 Run36 DiRPi29 Run4351 DiRPi33 Run64,50,10.0,0.25,70,500,40,30,199,30,27,1.7508722564182368,0.3196602794327948,21.200040385842293,0.785186680957122
DiRPi35 Run37 DiRPi29 Run4352 DiRPi33 Run65,50,10.0,0.25,70,500,40,30,46,18,15,1.4202460671002812,1.1153532749779111,7.006496285071932,0.4670997523381288
DiRPi35 Run39 DiRPi29 Run4353 DiRPi33 Run66,50,10.0,0.25,70,500,40,30,203,27,24,1.6712834053336434,0.26348055344172705,25.469317198153075,1.0612215499230448
DiRPi29 Run4325 DiRPi33 Run43 DiRPi34 Run33,50,10.0,0.25,80,500,40,30,1449,42,39,1.9698870993391446,0.09851143378740956,49.24158706309704,1.2626047964896678
DiRPi29 Run4326 DiRPi33 Run44 DiRPi34 Run34,50,10.0,0.25,80,500,40,30,1405,41,38,1.9854397126676966,0.09495305870716159,41.80718487710244,1.1001890757132222
DiRPi29 Run4327 DiRPi33 Run45 DiRPi34 Run35,50,10.0,0.25,80,500,40,30,776,40,37,2.086211374218608,0.13651397962602974,30.883357869753322,0.8346853478311709
DiRPi35 Run36 DiRPi29 Run4351 DiRPi33 Run64,50,10.0,0.25,80,500,40,30,177,29,26,1.7826503184195557,0.36519531603966404,21.146489183111143,0.8133265070427362
DiRPi35 Run37 DiRPi29 Run4352 DiRPi33 Run65,50,10.0,0.25,80,500,40,30,41,17,14,1.596075814114944,1.5964275816373785,6.9546618257402395,0.4967615589814457
DiRPi35 Run39 DiRPi29 Run4353 DiRPi33 Run66,50,10.0,0.25,80,500,40,30,182,26,23,1.6001788242524162,0.27123901107156345,24.993377731152258,1.0866685970066199
DiRPi29 Run4325 DiRPi33 Run43 DiRPi34 Run33,50,10.0,0.25,90,500,40,30,1286,41,38,1.9885810747294237,0.110648321238883,49.10080786984556,1.2921265228906726
DiRPi29 Run4326 DiRPi33 Run44 DiRPi34 Run34,50,10.0,0.25,90,500,40,30,1263,40,37,1.909774786358815,0.09836759815247834,39.122214010368026,1.0573571354153521
DiRPi29 Run4327 DiRPi33 Run45 DiRPi34 Run35,50,10.0,0.25,90,500,40,30,705,39,36,1.968496636141779,0.13623009650199583,26.933863205029084,0.7481628668063635
DiRPi35 Run36 DiRPi29 Run4351 DiRPi33 Run64,50,10.0,0.25,90,500,40,30,161,28,25,1.6747861572856206,0.36806902902798416,20.708033722763634,0.8283213489105453
DiRPi35 Run37 DiRPi29 Run4352 DiRPi33 Run65,50,10.0,0.25,90,500,40,30,34,16,13,2.583183557608773,4.299157880564368,5.132611423343508,0.39481626333411596
DiRPi35 Run39 DiRPi29 Run4353 DiRPi33 Run66,50,10.0,0.25,90,500,40,30,168,25,22,1.240905192266618,0.20356776505487126,17.101575051662785,0.7773443205301266
DiRPi29 Run4325 DiRPi33 Run43 DiRPi34 Run33,20,25.0,0.625,75,500,40,50,1185,17,14,1.9743651164330147,0.10398861410590572,25.48513964394419,1.820367117424585
DiRPi29 Run4326 DiRPi33 Run44 DiRPi34 Run34,20,25.0,0.625,75,500,40,50,1102,17,14,1.9562722377284183,0.10426362133721684,4.695135261519574,0.33536680439425526
DiRPi29 Run4327 DiRPi33 Run45 DiRPi34 Run35,20,25.0,0.625,75,500,40,50,642,17,14,2.0300487408101007,0.14225893952335633,10.1841954627384,0.7274425330527429
DiRPi35 Run36 DiRPi29 Run4351 DiRPi33 Run64,20,25.0,0.625,75,500,40,50,161,14,11,2.0503847063001905,0.35403211993544015,13.135889914675362,1.194171810425033
DiRPi35 Run37 DiRPi29 Run4352 DiRPi33 Run65,20,25.0,0.625,75,500,40,50,36,9,6,1.8302987956979386,1.041514988506933,2.9062276318238993,0.4843712719706499
DiRPi35 Run39 DiRPi29 Run4353 DiRPi33 Run66,20,25.0,0.625,75,500,40,50,156,13,10,1.8363294106082926,0.25829544340624117,9.536475484180317,0.9536475484180317
DiRPi29 Run4325 DiRPi33 Run43 DiRPi34 Run33,25,20.0,0.5,80,500,40,50,1100,21,18,2.0034155371999574,0.11117209644554127,25.577283946424945,1.4209602192458304
DiRPi29 Run4326 DiRPi33 Run44 DiRPi34 Run34,25,20.0,0.5,80,500,40,50,1038,21,18,2.0186518922499554,0.10929786979865289,21.951304919762443,1.2195169399868024
DiRPi29 Run4327 DiRPi33 Run45 DiRPi34 Run35,25,20.0,0.5,80,500,40,50,596,21,18,2.0394216981015076,0.14961680907628191,19.158428924194993,1.0643571624552775
DiRPi35 Run36 DiRPi29 Run4351 DiRPi33 Run64,25,20.0,0.5,80,500,40,50,151,17,14,2.1664284362841975,0.43446914704444506,14.482859543851804,1.034489967417986
DiRPi35 Run37 DiRPi29 Run4352 DiRPi33 Run65,25,20.0,0.5,80,500,40,50,35,10,7,1.6000546622749974,0.9779001026720936,3.3220444640827873,0.47457778058325534
DiRPi35 Run39 DiRPi29 Run4353 DiRPi33 Run66,25,20.0,0.5,80,500,40,50,150,15,12,1.5322487217230185,0.2208517666764952,15.08270878597392,1.25689239883116
DiRPi29 Run4325 DiRPi33 Run43 DiRPi34 Run33,50,10.0,0.25,70,500,40,50,1256,42,39,1.9299001347302263,0.09460925694867273,41.20399718445089,1.0565127483192536
DiRPi29 Run4326 DiRPi33 Run44 DiRPi34 Run34,50,10.0,0.25,70,500,40,50,1168,41,38,1.9758543795737677,0.10001655079738994,40.16573965989414,1.0569931489445827
DiRPi29 Run4327 DiRPi33 Run45 DiRPi34 Run35,50,10.0,0.25,70,500,40,50,686,41,38,1.9610541624693345,0.13466683297015533,37.3587635005951,0.9831253552788185
DiRPi35 Run36 DiRPi29 Run4351 DiRPi33 Run64,50,10.0,0.25,70,500,40,50,170,30,27,1.6159511365009107,0.34031083181415067,23.75410762094898,0.8797817637388511
DiRPi35 Run37 DiRPi29 Run4352 DiRPi33 Run65,50,10.0,0.25,70,500,40,50,38,16,13,2.0592515409542003,2.825119906146305,5.993892795851909,0.461068676603993
DiRPi35 Run39 DiRPi29 Run4353 DiRPi33 Run66,50,10.0,0.25,70,500,40,50,165,25,22,1.738683509965978,0.34613471755288805,29.781513969719256,1.3537051804417843
DiRPi29 Run4325 DiRPi33 Run43 DiRPi34 Run33,50,10.0,0.25,80,500,40,50,1100,41,38,1.985167776712922,0.1090176933259134,39.76335647426054,1.0464041177436985
DiRPi29 Run4326 DiRPi33 Run44 DiRPi34 Run34,50,10.0,0.25,80,500,40,50,1038,40,37,1.962141932446841,0.10855431332553163,40.070297193086496,1.082981005218554
DiRPi29 Run4327 DiRPi33 Run45 DiRPi34 Run35,50,10.0,0.25,80,500,40,50,596,40,37,2.041741191006387,0.15656468367479226,34.81673202708925,0.9409927574888987
DiRPi35 Run36 DiRPi29 Run4351 DiRPi33 Run64,50,10.0,0.25,80,500,40,50,151,29,26,1.674096402839508,0.4028177689735355,23.60947383498155,0.9080566859608289
DiRPi35 Run37 DiRPi29 Run4352 DiRPi33 Run65,50,10.0,0.25,80,500,40,50,35,15,12,1.6103873552941594,2.2587914427354736,5.958279451080269,0.49652328759002246
DiRPi35 Run39 DiRPi29 Run4353 DiRPi33 Run66,50,10.0,0.25,80,500,40,50,150,24,21,1.6465069855975987,0.3463612484812108,29.230742790812435,1.3919401328958303
DiRPi29 Run4325 DiRPi33 Run43 DiRPi34 Run33,50,10.0,0.25,90,500,40,50,978,40,37,1.9842620058554001,0.12030444387143475,39.76308237983489,1.0746779021576998
DiRPi29 Run4326 DiRPi33 Run44 DiRPi34 Run34,50,10.0,0.25,90,500,40,50,933,39,36,1.8807626029315214,0.11192745898070816,37.621445768190966,1.0450401602275268
DiRPi29 Run4327 DiRPi33 Run45 DiRPi34 Run35,50,10.0,0.25,90,500,40,50,539,39,36,1.966780303106279,0.16138776063716592,33.43032526805169,0.9286201463347692
DiRPi35 Run36 DiRPi29 Run4351 DiRPi33 Run64,50,10.0,0.25,90,500,40,50,137,28,25,1.6275021687114783,0.4314044938436168,23.541376379373435,0.9416550551749374
DiRPi35 Run37 DiRPi29 Run4352 DiRPi33 Run65,50,10.0,0.25,90,500,40,50,28,14,11,9.365252214452438,81.16367628048188,3.2707893669229384,0.2973444879020853
DiRPi35 Run39 DiRPi29 Run4353 DiRPi33 Run66,50,10.0,0.25,90,500,40,50,141,23,20,1.0799480976917895,0.1974018798147904,15.967726606024994,0.7983863303012497
DiRPi29 Run4325 DiRPi33 Run43 DiRPi34 Run33,20,25.0,0.625,75,500,30,40,1390,17,14,2.0826475851131776,0.10492996413954969,25.147489557359556,1.7962492540971111
DiRPi29 Run4326 DiRPi33 Run44 DiRPi34 Run34,20,25.0,0.625,75,500,30,40,1312,17,14,2.034450565097598,0.1015485996183198,6.876613372232676,0.4911866694451911
DiRPi29 Run4327 DiRPi33 Run45 DiRPi34 Run35,20,25.0,0.625,75,500,30,40,770,17,14,2.0321775326466187,0.13374193167447698,9.57435295373713,0.6838823538383664
DiRPi35 Run36 DiRPi29 Run4351 DiRPi33 Run64,20,25.0,0.625,75,500,30,40,173,14,11,2.1847328664427046,0.36592910495347736,9.169846755850191,0.8336224323500173
DiRPi35 Run37 DiRPi29 Run4352 DiRPi33 Run65,20,25.0,0.625,75,500,30,40,40,10,7,1.7294508826473098,0.7979068716298107,2.665888293531898,0.3808411847902712
DiRPi35 Run39 DiRPi29 Run4353 DiRPi33 Run66,20,25.0,0.625,75,500,30,40,173,14,11,1.8409854033926214,0.2412239038493699,9.016095602788134,0.8196450547989212
DiRPi29 Run4325 DiRPi33 Run43 DiRPi34 Run33,25,20.0,0.5,80,500,30,40,1295,21,18,2.0974617194879346,0.11231166409584242,22.698373655793425,1.2610207586551903
DiRPi29 Run4326 DiRPi33 Run44 DiRPi34 Run34,25,20.0,0.5,80,500,30,40,1240,21,18,2.0615702861187852,0.10535511176507127,17.231351984623053,0.9572973324790586
DiRPi29 Run4327 DiRPi33 Run45 DiRPi34 Run35,25,20.0,0.5,80,500,30,40,717,21,18,2.0348988373586896,0.1361001557137064,23.196851993347323,1.288713999630407
DiRPi35 Run36 DiRPi29 Run4351 DiRPi33 Run64,25,20.0,0.5,80,500,30,40,162,17,14,2.1730192904830754,0.4157743880921554,15.567306013221996,1.1119504295158569
DiRPi35 Run37 DiRPi29 Run4352 DiRPi33 Run65,25,20.0,0.5,80,500,30,40,39,11,8,1.5635113879179432,0.7956851125527195,3.4028862094639853,0.42536077618299817
DiRPi35 Run39 DiRPi29 Run4353 DiRPi33 Run66,25,20.0,0.5,80,500,30,40,167,16,13,1.478587557646738,0.19662302372182008,17.54633894724816,1.3497183805575508
DiRPi29 Run4325 DiRPi33 Run43 DiRPi34 Run33,50,10.0,0.25,70,500,30,40,1470,43,40,2.0342564433383705,0.09481296029067164,44.9559552598592,1.12389888149648
DiRPi29 Run4326 DiRPi33 Run44 DiRPi34 Run34,50,10.0,0.25,70,500,30,40,1391,42,39,2.084910357823071,0.09616007279600414,36.4935438266983,0.9357318929922641
DiRPi29 Run4327 DiRPi33 Run45 DiRPi34 Run35,50,10.0,0.25,70,500,30,40,822,41,38,2.0000137437646646,0.12556171785461695,36.32636727756573,0.9559570336201508
DiRPi35 Run36 DiRPi29 Run4351 DiRPi33 Run64,50,10.0,0.25,70,500,30,40,182,30,27,1.6085139856648003,0.31223142983287505,24.496957757852208,0.907294731772304
DiRPi35 Run37 DiRPi29 Run4352 DiRPi33 Run65,50,10.0,0.25,70,500,30,40,42,17,14,2.5022477241522227,3.25480287043883,6.788525250111486,0.484894660722249
DiRPi35 Run39 DiRPi29 Run4353 DiRPi33 Run66,50,10.0,0.25,70,500,30,40,183,26,23,1.672508205759491,0.29394346729898796,29.52666940635349,1.2837682350588475
DiRPi29 Run4325 DiRPi33 Run43 DiRPi34 Run33,50,10.0,0.25,80,500,30,40,1295,42,39,2.0839683030481964,0.10852977923023273,43.75993494190884,1.1220496138950984
DiRPi29 Run4326 DiRPi33 Run44 DiRPi34 Run34,50,10.0,0.25,80,500,30,40,1240,41,38,2.0751398023159946,0.1042661417423832,36.43874065842634,0.9589142278533247
DiRPi29 Run4327 DiRPi33 Run45 DiRPi34 Run35,50,10.0,0.25,80,500,30,40,717,40,37,2.072990495191099,0.14526162887638738,34.08653661614275,0.9212577463822366
DiRPi35 Run36 DiRPi29 Run4351 DiRPi33 Run64,50,10.0,0.25,80,500,30,40,162,29,26,1.6317983357810057,0.35750150760529964,24.469032504374606,0.9411166347836387
DiRPi35 Run37 DiRPi29 Run4352 DiRPi33 Run65,50,10.0,0.25,80,500,30,40,39,16,13,1.996942288574087,2.4997323382925765,6.676380220254737,0.5135677092503644
DiRPi35 Run39 DiRPi29 Run4353 DiRPi33 Run66,50,10.0,0.25,80,500,30,40,167,25,22,1.5238029393024934,0.2764593294256286,27.691162452580013,1.2586892023900005
DiRPi29 Run4325 DiRPi33 Run43 DiRPi34 Run33,50,10.0,0.25,90,500,30,40,1148,41,38,2.118029127300678,0.12278188699620972,43.33223580693191,1.140321994919261
DiRPi29 Run4326 DiRPi33 Run44 DiRPi34 Run34,50,10.0,0.25,90,500,30,40,1122,40,37,1.9704157617847682,0.10527256486837705,31.989129002917707,0.864571054132911
DiRPi29 Run4327 DiRPi33 Run45 DiRPi34 Run35,50,10.0,0.25,90,500,30,40,650,39,36,1.9765521081475446,0.14739497115556452,31.667203862960402,0.8796445517489001
DiRPi35 Run36 DiRPi29 Run4351 DiRPi33 Run64,50,10.0,0.25,90,500,30,40,147,28,25,1.5508594173211572,0.3704084464001545,24.221388667730317,0.9688555467092127
DiRPi35 Run37 DiRPi29 Run4352 DiRPi33 Run65,50,10.0,0.25,90,500,30,40,32,15,12,4.041189148615729,10.979239926813941,4.482099877863366,0.3735083231552805
DiRPi35 Run39 DiRPi29 Run4353 DiRPi33 Run66,50,10.0,0.25,90,500,30,40,155,24,21,1.1188805512626336,0.1897959250543887,17.2552012649032,0.8216762507096762
DiRPi29 Run4325 DiRPi33 Run43 DiRPi34 Run33,20,25.0,0.625,75,500,30,50,1227,17,14,2.0216329480538473,0.10552660465619793,23.4632339639876,1.6759452831419714
DiRPi29 Run4326 DiRPi33 Run44 DiRPi34 Run34,20,25.0,0.625,75,500,30,50,1135,17,14,1.9796276870327625,0.10399877256494666,4.9641886167894995,0.35458490119924996
DiRPi29 Run4327 DiRPi33 Run45 DiRPi34 Run35,20,25.0,0.625,75,500,30,50,664,17,14,1.9859298284295936,0.14159568256350535,9.97761680423472,0.7126869145881943
DiRPi35 Run36 DiRPi29 Run4351 DiRPi33 Run64,20,25.0,0.625,75,500,30,50,162,14,11,2.066966329360184,0.35807789478230373,13.710588886228482,1.2464171714753165
DiRPi35 Run37 DiRPi29 Run4352 DiRPi33 Run65,20,25.0,0.625,75,500,30,50,37,9,6,1.797442742936356,0.9415854822830451,2.250584563355053,0.3750974272258422
DiRPi35 Run39 DiRPi29 Run4353 DiRPi33 Run66,20,25.0,0.625,75,500,30,50,157,13,10,1.8386425452667723,0.2567918797227959,9.607424079453635,0.9607424079453635
DiRPi29 Run4325 DiRPi33 Run43 DiRPi34 Run33,25,20.0,0.5,80,500,30,50,1140,21,18,2.0634063443344988,0.11410699758848589,22.790519061245362,1.2661399478469646
DiRPi29 Run4326 DiRPi33 Run44 DiRPi34 Run34,25,20.0,0.5,80,500,30,50,1068,21,18,2.045072473868234,0.10946159742589007,23.240333941016484,1.2911296633898046
DiRPi29 Run4327 DiRPi33 Run45 DiRPi34 Run35,25,20.0,0.5,80,500,30,50,616,21,18,2.034674883195401,0.14799387391601396,22.987074861640107,1.2770597145355616
DiRPi35 Run36 DiRPi29 Run4351 DiRPi33 Run64,25,20.0,0.5,80,500,30,50,152,17,14,2.186587765888157,0.4399054085450927,14.997978214959277,1.071284158211377
DiRPi35 Run37 DiRPi29 Run4352 DiRPi33 Run65,25,20.0,0.5,80,500,30,50,36,10,7,1.6430901698895888,0.9808914913039793,3.6198638155295426,0.5171234022185061
DiRPi35 Run39 DiRPi29 Run4353 DiRPi33 Run66,25,20.0,0.5,80,500,30,50,151,15,12,1.5366489815027708,0.2205383853167604,15.503770700822342,1.2919808917351951
DiRPi29 Run4325 DiRPi33 Run43 DiRPi34 Run33,50,10.0,0.25,70,500,30,50,1300,43,40,1.9801642901326748,0.09553751680286666,45.65216726904992,1.141304181726248
DiRPi29 Run4326 DiRPi33 Run44 DiRPi34 Run34,50,10.0,0.25,70,500,30,50,1204,41,38,1.9931715779922177,0.09930236890498167,40.4483115674061,1.0644292517738447
DiRPi29 Run4327 DiRPi33 Run45 DiRPi34 Run35,50,10.0,0.25,70,500,30,50,709,41,38,1.9333057473580788,0.13182126334925554,41.137887305137,1.0825759817141316
DiRPi35 Run36 DiRPi29 Run4351 DiRPi33 Run64,50,10.0,0.25,70,500,30,50,171,30,27,1.62136292095681,0.34182560097744147,24.6028667119458,0.9112172856276223
DiRPi35 Run37 DiRPi29 Run4352 DiRPi33 Run65,50,10.0,0.25,70,500,30,50,39,16,13,2.33551801935933,3.2966022928982177,6.1281504925538135,0.4713961917349087
DiRPi35 Run39 DiRPi29 Run4353 DiRPi33 Run66,50,10.0,0.25,70,500,30,50,166,25,22,1.7616382271911555,0.34785430672159356,29.231066485680643,1.328684840258211
DiRPi29 Run4325 DiRPi33 Run43 DiRPi34 Run33,50,10.0,0.25,80,500,30,50,1140,42,39,2.0372986071792045,0.11004310603365682,44.05337837821511,1.1295738045696182
DiRPi29 Run4326 DiRPi33 Run44 DiRPi34 Run34,50,10.0,0.25,80,500,30,50,1068,40,37,1.9903670322222742,0.10859752841186561,40.44406830698793,1.09308292721589
DiRPi29 Run4327 DiRPi33 Run45 DiRPi34 Run35,50,10.0,0.25,80,500,30,50,616,40,37,2.0121442687952205,0.15332575170580434,38.60498653755445,1.0433780145284988
DiRPi35 Run36 DiRPi29 Run4351 DiRPi33 Run64,50,10.0,0.25,80,500,30,50,152,29,26,1.6803965578440907,0.404800253040553,24.454939871079038,0.9405746104261168
DiRPi35 Run37 DiRPi29 Run4352 DiRPi33 Run65,50,10.0,0.25,80,500,30,50,36,15,12,1.8909640715078777,2.671366363683391,6.084678351299112,0.507056529274926
DiRPi35 Run39 DiRPi29 Run4353 DiRPi33 Run66,50,10.0,0.25,80,500,30,50,151,24,21,1.6666194539459895,0.34651936653907733,28.62498870423632,1.3630947002017295
DiRPi29 Run4325 DiRPi33 Run43 DiRPi34 Run33,50,10.0,0.25,90,500,30,50,1015,41,38,2.0368438328457534,0.1212589766977643,44.05330707330399,1.1592975545606314
DiRPi29 Run4326 DiRPi33 Run44 DiRPi34 Run34,50,10.0,0.25,90,500,30,50,962,39,36,1.9012668545629017,0.11115264567022198,37.4046262600681,1.0390173961130027
DiRPi29 Run4327 DiRPi33 Run45 DiRPi34 Run35,50,10.0,0.25,90,500,30,50,558,39,36,1.9254653566156237,0.1567188273445083,36.70465633509374,1.0195737870859372
DiRPi35 Run36 DiRPi29 Run4351 DiRPi33 Run64,50,10.0,0.25,90,500,30,50,138,28,25,1.6343172663452568,0.4337034897094739,24.38887909941647,0.9755551639766589
DiRPi35 Run37 DiRPi29 Run4352 DiRPi33 Run65,50,10.0,0.25,90,500,30,50,29,14,11,8.27682254883552,57.590892344416524,3.5376361517126287,0.3216032865193299
DiRPi35 Run39 DiRPi29 Run4353 DiRPi33 Run66,50,10.0,0.25,90,500,30,50,142,23,20,1.1053229393545474,0.1994667158567522,14.94833777593858,0.747416888796929
DiRPi29 Run4325 DiRPi33 Run43 DiRPi34 Run33,20,25.0,0.625,75,350,50,50,1087,12,9,1.809503269195846,0.11705506772756942,41.11099170620565,4.567887967356183
DiRPi29 Run4326 DiRPi33 Run44 DiRPi34 Run34,20,25.0,0.625,75,350,50,50,1021,12,9,1.7349858918715033,0.1081574584918847,41.15306598666659,4.572562887407399
DiRPi29 Run4327 DiRPi33 Run45 DiRPi34 Run35,20,25.0,0.625,75,350,50,50,597,11,8,2.056936234065201,0.2536775348598545,6.644545809979208,0.830568226247401
DiRPi35 Run36 DiRPi29 Run4351 DiRPi33 Run64,20,25.0,0.625,75,350,50,50,156,11,8,1.8539110212128698,0.5086309700079382,12.625697821563376,1.578212227695422
DiRPi35 Run37 DiRPi29 Run4352 DiRPi33 Run65,20,25.0,0.625,75,350,50,50,34,7,4,1.8967629168395346,1.6607014003237919,2.9003094572155286,0.7250773643038821
DiRPi35 Run39 DiRPi29 Run4353 DiRPi33 Run66,20,25.0,0.625,75,350,50,50,146,10,7,1.851553061466881,0.45012062623798105,8.829465856003834,1.2613522651434048
DiRPi29 Run4325 DiRPi33 Run43 DiRPi34 Run33,20,25.0,0.625,75,400,50,50,1113,14,11,1.898499696279348,0.10418627453328017,41.25703879174202,3.7506398901583653
DiRPi29 Run4326 DiRPi33 Run44 DiRPi34 Run34,20,25.0,0.625,75,400,50,50,1044,14,11,2.0011207842398155,0.11992662458287986,9.584463085948673,0.8713148259953339
DiRPi29 Run4327 DiRPi33 Run45 DiRPi34 Run35,20,25.0,0.625,75,400,50,50,606,13,10,2.0398720401710633,0.19430576889760479,7.094311266583558,0.7094311266583558
DiRPi35 Run36 DiRPi29 Run4351 DiRPi33 Run64,20,25.0,0.625,75,400,50,50,158,12,9,1.9096252707701749,0.43404269672490375,12.663940783345312,1.4071045314828126
DiRPi35 Run37 DiRPi29 Run4352 DiRPi33 Run65,20,25.0,0.625,75,400,50,50,36,9,6,1.8302987956979386,1.041514988506933,2.9062276318238993,0.4843712719706499
DiRPi35 Run39 DiRPi29 Run4353 DiRPi33 Run66,20,25.0,0.625,75,400,50,50,147,11,8,1.8622115297946733,0.34097999784289124,8.91022584245605,1.1137782303070063
DiRPi29 Run4325 DiRPi33 Run43 DiRPi34 Run33,20,25.0,0.625,75,450,50,50,1122,15,12,1.9126027504646217,0.10987927269238965,24.645466709232455,2.053788892436038
DiRPi29 Run4326 DiRPi33 Run44 DiRPi34 Run34,20,25.0,0.625,75,450,50,50,1054,15,12,1.9659060399502821,0.11849803141503079,3.5530426347053874,0.29608688622544893
DiRPi29 Run4327 DiRPi33 Run45 DiRPi34 Run35,20,25.0,0.625,75,450,50,50,613,16,13,2.031712277632438,0.14133995968620316,7.747838809396377,0.5959876007227982
DiRPi35 Run36 DiRPi29 Run4351 DiRPi33 Run64,20,25.0,0.625,75,450,50,50,159,13,10,2.068037640660435,0.4034592272785695,13.079789427275868,1.3079789427275867
DiRPi35 Run37 DiRPi29 Run4352 DiRPi33 Run65,20,25.0,0.625,75,450,50,50,36,9,6,1.8302987956979386,1.041514988506933,2.9062276318238993,0.4843712719706499
DiRPi35 Run39 DiRPi29 Run4353 DiRPi33 Run66,20,25.0,0.625,75,450,50,50,148,12,9,1.876634714196251,0.2943832271106546,9.300171418177568,1.0333523797975075
DiRPi29 Run4325 DiRPi33 Run43 DiRPi34 Run33,20,25.0,0.625,75,500,50,50,1134,17,14,1.90167304501802,0.1001031922411782,26.427866897162122,1.887704778368723
DiRPi29 Run4326 DiRPi33 Run44 DiRPi34 Run34,20,25.0,0.625,75,500,50,50,1065,17,14,1.9536577734228606,0.1057869562430285,4.775440418873204,0.34110288706237174
DiRPi29 Run4327 DiRPi33 Run45 DiRPi34 Run35,20,25.0,0.625,75,500,50,50,618,17,14,2.0519647342206873,0.14460103409029199,9.313946569214886,0.6652818978010633
DiRPi35 Run36 DiRPi29 Run4351 DiRPi33 Run64,20,25.0,0.625,75,500,50,50,160,14,11,2.080735157562733,0.36354212964751165,13.08433032273216,1.1894845747938327
DiRPi35 Run37 DiRPi29 Run4352 DiRPi33 Run65,20,25.0,0.625,75,500,50,50,36,9,6,1.8302987956979386,1.041514988506933,2.9062276318238993,0.4843712719706499
DiRPi35 Run39 DiRPi29 Run4353 DiRPi33 Run66,20,25.0,0.625,75,500,50,50,149,13,10,1.8434093497762654,0.2626079661686305,9.864074292224116,0.9864074292224115
DiRPi29 Run4325 DiRPi33 Run43 DiRPi34 Run33,25,20.0,0.5,80,350,50,50,1005,14,11,1.7844282583136,0.16086669392314892,14.661387112598547,1.3328533738725952
DiRPi29 Run4326 DiRPi33 Run44 DiRPi34 Run34,25,20.0,0.5,80,350,50,50,959,14,11,1.8847620674200103,0.17176963118687782,8.414568521240751,0.7649607746582501
DiRPi29 Run4327 DiRPi33 Run45 DiRPi34 Run35,25,20.0,0.5,80,350,50,50,554,14,11,2.033008007439742,0.2451653942504963,9.337933185989662,0.8489030169081512
DiRPi35 Run36 DiRPi29 Run4351 DiRPi33 Run64,25,20.0,0.5,80,350,50,50,146,14,11,2.306197423355979,0.7068707708185316,13.911495102790566,1.2646813729809605
DiRPi35 Run37 DiRPi29 Run4352 DiRPi33 Run65,25,20.0,0.5,80,350,50,50,33,8,5,1.5371717034668855,1.407027771409611,3.3169292860081843,0.6633858572016369
DiRPi35 Run39 DiRPi29 Run4353 DiRPi33 Run66,25,20.0,0.5,80,350,50,50,141,12,9,1.6146866233791244,0.3348733805309845,12.904874611399107,1.433874956822123
DiRPi29 Run4325 DiRPi33 Run43 DiRPi34 Run33,25,20.0,0.5,80,400,50,50,1031,17,14,1.9647249963223086,0.11987733768779026,33.17859980358955,2.369899985970682
DiRPi29 Run4326 DiRPi33 Run44 DiRPi34 Run34,25,20.0,0.5,80,400,50,50,982,17,14,2.018530663597761,0.13256847121227902,15.217706090173788,1.0869790064409848
DiRPi29 Run4327 DiRPi33 Run45 DiRPi34 Run35,25,20.0,0.5,80,400,50,50,563,16,13,2.005833388585154,0.18621252687725012,12.880845328256225,0.9908342560197096
DiRPi35 Run36 DiRPi29 Run4351 DiRPi33 Run64,25,20.0,0.5,80,400,50,50,148,15,12,2.2738848643509515,0.6206753794517675,14.325796333739572,1.1938163611449644
DiRPi35 Run37 DiRPi29 Run4352 DiRPi33 Run65,25,20.0,0.5,80,400,50,50,35,10,7,1.6000546622749974,0.9779001026720936,3.3220444640827873,0.47457778058325534
DiRPi35 Run39 DiRPi29 Run4353 DiRPi33 Run66,25,20.0,0.5,80,400,50,50,142,13,10,1.6279178393241573,0.2874495133630921,13.189726240720129,1.3189726240720128
DiRPi29 Run4325 DiRPi33 Run43 DiRPi34 Run33,25,20.0,0.5,80,450,50,50,1040,19,16,2.0446527166711004,0.11539134387673051,26.214287246958463,1.638392952934904
DiRPi29 Run4326 DiRPi33 Run44 DiRPi34 Run34,25,20.0,0.5,80,450,50,50,992,19,16,2.0387893972245386,0.1160352046517764,16.54823427120901,1.0342646419505632
DiRPi29 Run4327 DiRPi33 Run45 DiRPi34 Run35,25,20.0,0.5,80,450,50,50,570,19,16,2.0205392320778586,0.16102118167481438,13.224924941407291,0.8265578088379557
DiRPi35 Run36 DiRPi29 Run4351 DiRPi33 Run64,25,20.0,0.5,80,450,50,50,149,16,13,2.274167971971084,0.5355505658713339,14.32579720985019,1.1019844007577069
DiRPi35 Run37 DiRPi29 Run4352 DiRPi33 Run65,25,20.0,0.5,80,450,50,50,35,10,7,1.6000546622749974,0.9779001026720936,3.3220444640827873,0.47457778058325534
DiRPi35 Run39 DiRPi29 Run4353 DiRPi33 Run66,25,20.0,0.5,80,450,50,50,143,14,11,1.583907618244163,0.24721616795753754,13.727566918054578,1.2479606289140526
DiRPi29 Run4325 DiRPi33 Run43 DiRPi34 Run33,25,20.0,0.5,80,500,50,50,1052,21,18,1.9523681471292456,0.10904047247640125,23.253649144578986,1.2918693969210548
DiRPi29 Run4326 DiRPi33 Run44 DiRPi34 Run34,25,20.0,0.5,80,500,50,50,1003,21,18,2.0102432394638137,0.11058508898232318,21.241330570008557,1.1800739205560309
DiRPi29 Run4327 DiRPi33 Run45 DiRPi34 Run35,25,20.0,0.5,80,500,50,50,575,21,18,2.0371526050965216,0.15002052256781606,15.082584129463303,0.8379213405257391
DiRPi35 Run36 DiRPi29 Run4351 DiRPi33 Run64,25,20.0,0.5,80,500,50,50,150,17,14,2.2021985817050287,0.4474454221504865,14.411554903241475,1.0293967788029625
DiRPi35 Run37 DiRPi29 Run4352 DiRPi33 Run65,25,20.0,0.5,80,500,50,50,35,10,7,1.6000546622749974,0.9779001026720936,3.3220444640827873,0.47457778058325534
DiRPi35 Run39 DiRPi29 Run4353 DiRPi33 Run66,25,20.0,0.5,80,500,50,50,144,15,12,1.5421374307549756,0.22422046313095578,14.060348145346989,1.1716956787789157
DiRPi29 Run4325 DiRPi33 Run43 DiRPi34 Run33,50,10.0,0.25,80,350,50,50,1005,28,25,1.945533398791058,0.170033372534916,34.040043057722066,1.3616017223088825
DiRPi29 Run4326 DiRPi33 Run44 DiRPi34 Run34,50,10.0,0.25,80,350,50,50,959,28,25,1.9318763188047468,0.1568318512558593,27.900569756616168,1.1160227902646467
DiRPi29 Run4327 DiRPi33 Run45 DiRPi34 Run35,50,10.0,0.25,80,350,50,50,554,27,24,2.0744087189677685,0.2847956497447641,26.180139993183648,1.090839166382652
DiRPi35 Run36 DiRPi29 Run4351 DiRPi33 Run64,50,10.0,0.25,80,350,50,50,146,26,23,1.7653496943879916,0.5518243407564144,23.389605311903775,1.0169393613871207
DiRPi35 Run37 DiRPi29 Run4352 DiRPi33 Run65,50,10.0,0.25,80,350,50,50,33,13,10,0.0707793810672189,0.1967699242082872,3.548705010050031,0.3548705010050031
DiRPi35 Run39 DiRPi29 Run4353 DiRPi33 Run66,50,10.0,0.25,80,350,50,50,141,21,18,1.880300274401019,0.5435928180404391,25.609400721238206,1.4227444845132338
DiRPi29 Run4325 DiRPi33 Run43 DiRPi34 Run33,50,10.0,0.25,80,400,50,50,1031,33,30,1.9635916280414933,0.13507492910025368,37.42765504188794,1.2475885013962646
DiRPi29 Run4326 DiRPi33 Run44 DiRPi34 Run34,50,10.0,0.25,80,400,50,50,982,33,30,2.0073143318165143,0.14080378665527235,27.011887904408113,0.9003962634802705
DiRPi29 Run4327 DiRPi33 Run45 DiRPi34 Run35,50,10.0,0.25,80,400,50,50,563,31,28,2.0388665450032586,0.217553309382144,29.79956891639242,1.0642703184425863
DiRPi35 Run36 DiRPi29 Run4351 DiRPi33 Run64,50,10.0,0.25,80,400,50,50,148,27,24,1.6787887456389807,0.4889009778940028,23.745968983010133,0.9894153742920889
DiRPi35 Run37 DiRPi29 Run4352 DiRPi33 Run65,50,10.0,0.25,80,400,50,50,35,15,12,1.6103873552941594,2.2587914427354736,5.958279451080269,0.49652328759002246
DiRPi35 Run39 DiRPi29 Run4353 DiRPi33 Run66,50,10.0,0.25,80,400,50,50,142,22,19,1.7909402842595146,0.4476671179802722,25.947981720849235,1.3656832484657493
DiRPi29 Run4325 DiRPi33 Run43 DiRPi34 Run33,50,10.0,0.25,80,450,50,50,1040,36,33,1.9515814167801961,0.12044020626329427,35.33374114425809,1.0707194286138815
DiRPi29 Run4326 DiRPi33 Run44 DiRPi34 Run34,50,10.0,0.25,80,450,50,50,992,36,33,2.007884337782229,0.12422360062377157,31.957202286030274,0.9684000692736446
DiRPi29 Run4327 DiRPi33 Run45 DiRPi34 Run35,50,10.0,0.25,80,450,50,50,570,37,34,2.0521142837618562,0.16870554234024668,30.25735646893524,0.8899222490863306
DiRPi35 Run36 DiRPi29 Run4351 DiRPi33 Run64,50,10.0,0.25,80,450,50,50,149,28,25,1.7061886302475948,0.4527398511846803,23.773546659731444,0.9509418663892578
DiRPi35 Run37 DiRPi29 Run4352 DiRPi33 Run65,50,10.0,0.25,80,450,50,50,35,15,12,1.6103873552941594,2.2587914427354736,5.958279451080269,0.49652328759002246
DiRPi35 Run39 DiRPi29 Run4353 DiRPi33 Run66,50,10.0,0.25,80,450,50,50,143,23,20,1.7116296364314807,0.38132297666001813,26.23175857553231,1.3115879287766155
DiRPi29 Run4325 DiRPi33 Run43 DiRPi34 Run33,50,10.0,0.25,80,500,50,50,1052,41,38,1.951357880129779,0.10859885581232659,38.149644188098605,1.0039380049499633
DiRPi29 Run4326 DiRPi33 Run44 DiRPi34 Run34,50,10.0,0.25,80,500,50,50,1003,40,37,1.9487351487650004,0.10969833662441807,36.719241846539546,0.9924119417983661
DiRPi29 Run4327 DiRPi33 Run45 DiRPi34 Run35,50,10.0,0.25,80,500,50,50,575,39,36,2.0546413239129353,0.16438523594965176,33.40727888328899,0.9279799689802497
DiRPi35 Run36 DiRPi29 Run4351 DiRPi33 Run64,50,10.0,0.25,80,500,50,50,150,29,26,1.7176007688297155,0.4204806507099297,23.779458224843083,0.9145945471093493
DiRPi35 Run37 DiRPi29 Run4352 DiRPi33 Run65,50,10.0,0.25,80,500,50,50,35,15,12,1.6103873552941594,2.2587914427354736,5.958279451080269,0.49652328759002246
DiRPi35 Run39 DiRPi29 Run4353 DiRPi33 Run66,50,10.0,0.25,80,500,50,50,144,24,21,1.665255848268662,0.344654440021569,26.418460743605365,1.2580219401716841
DiRPi29 Run4325 DiRPi33 Run43 DiRPi34 Run33,10,50.0,1.25,100,500,50,50,820,8,5,2.004825545411643,0.14318059236193398,7.690758489736746,1.5381516979473493
DiRPi29 Run4326 DiRPi33 Run44 DiRPi34 Run34,10,50.0,1.25,100,500,50,50,789,8,5,1.9022898782548563,0.13503859376334568,2.564303101081345,0.512860620216269
DiRPi29 Run4327 DiRPi33 Run45 DiRPi34 Run35,10,50.0,1.25,100,500,50,50,464,8,5,1.9897997069129947,0.17816091112292487,5.266451771577461,1.0532903543154921
DiRPi35 Run36 DiRPi29 Run4351 DiRPi33 Run64,10,50.0,1.25,100,500,50,50,122,8,5,2.0653337315265996,0.37576026432375875,3.2314445308732322,0.6462889061746464
DiRPi35 Run37 DiRPi29 Run4352 DiRPi33 Run65,10,50.0,1.25,100,500,50,50,26,5,2,0.91412950740683,0.5540650514723899,4.121608734590661,2.0608043672953307
DiRPi35 Run39 DiRPi29 Run4353 DiRPi33 Run66,10,50.0,1.25,100,500,50,50,117,8,5,1.4101105422796385,0.1936164092429198,3.1100063768532644,0.6220012753706529
DiRPi29 Run4325 DiRPi33 Run43 DiRPi34 Run33,125,4.0,0.1,80,500,50,50,1052,95,92,1.6234110625689326,0.09264731445944735,101.6623358568101,1.1050253897479358
DiRPi29 Run4326 DiRPi33 Run44 DiRPi34 Run34,125,4.0,0.1,80,500,50,50,1003,91,88,1.7784509486764106,0.11150569833482663,60.87739004291237,0.6917885232149132
DiRPi29 Run4327 DiRPi33 Run45 DiRPi34 Run35,125,4.0,0.1,80,500,50,50,575,79,76,1.7731444600116655,0.16770000227318507,58.38953362475951,0.7682833371678882
DiRPi35 Run36 DiRPi29 Run4351 DiRPi33 Run64,125,4.0,0.1,80,500,50,50,150,55,52,1.4374239981130474,0.6788784505508514,36.393924620166196,0.6998831657724268
DiRPi35 Run37 DiRPi29 Run4352 DiRPi33 Run65,125,4.0,0.1,80,500,50,50,35,24,21,0.2634688760279363,0.5319217509004742,3.366763485022605,0.16032207071536214
DiRPi35 Run39 DiRPi29 Run4353 DiRPi33 Run66,125,4.0,0.1,80,500,50,50,144,43,40,2.123111722158811,0.8547777740044746,29.46569153261377,0.7366422883153443
